15:08:48.895 INFO    iga.test_inland_marine e2e run starting — log_file=C:\Users\Andrew\Documents\GitHub\IGA-Marketing-Master-2.0\diagnostics\im_e2e\20260526_150848.log stop_file=C:\Users\Andrew\Documents\GitHub\IGA-Marketing-Master-2.0\diagnostics\im_e2e\STOP_NOW
15:08:50.328 INFO    iga.epic_steps.inland_marine === Inland Marine entry step starting (state='TN') ===
15:08:50.328 INFO    iga.epic_steps.inland_marine Setup: 48 sched, 6 unsched, 5 AI, 11 AC
15:08:52.364 DEBUG   iga.epic_steps.inland_marine Clicked IM sidebar parent (attempt 1/4)
15:08:52.364 INFO    iga.epic_steps.inland_marine === Step 1: Coverage / Deductible ===
15:08:53.805 DEBUG   iga.epic_steps.inland_marine Navigated to EquipmentFloater.CoverageDeductible (CHM-EFCOVDED screen code present)
15:08:53.805 INFO    iga.epic_steps.inland_marine === Coverage / Deductible (safe_action mode) ===
15:08:55.467 DEBUG   iga.epic_steps.inland_marine radio rbtnScheduled checked after attempt 1
15:08:56.263 DEBUG   iga.epic_steps.inland_marine kb_fill #streTotalScheduledAmount__textField = '5578487' OK
15:08:56.492 INFO    iga.epic_steps.inland_marine Group 1 (amount) = Scheduled amount; total = 5578487 (sum of 48 item(s))
15:08:56.653 DEBUG   iga.epic_steps.inland_marine radio rbtnAllRisks checked after attempt 1
15:08:56.868 INFO    iga.epic_steps.inland_marine Group 2 (perils) = All risks
15:08:57.014 DEBUG   iga.epic_steps.inland_marine radio rbtnReplacementCost checked after attempt 1
15:08:57.229 INFO    iga.epic_steps.inland_marine Group 3 (cost basis) = Replacement cost
15:08:58.035 DEBUG   iga.epic_steps.property fill_combo cboACVReplacementCostDedType = 'FL'  matched row 0 (priority 3)
15:08:58.904 DEBUG   iga.epic_steps.inland_marine kb_fill #streACVReplacementCostDeductible__textField = '5000' OK
15:08:59.561 INFO    iga.epic_steps.inland_marine Coverage/Deductible: filled cleanly
15:08:59.561 INFO    iga.epic_steps.inland_marine === Step 2: Scheduled Equipment ===
15:09:00.853 DEBUG   iga.epic_steps.inland_marine Navigated to EquipmentFloater.ScheduledEquipment (CHM-EFSCHEQU screen code present)
15:09:00.855 DEBUG   iga.epic_steps.inland_marine EquipmentFloater.ScheduledEquipment: vlvwScheduledEquipment_add ready
15:09:00.855 INFO    iga.epic_steps.inland_marine === Scheduled Equipment: 48 item(s) ===
15:09:00.856 INFO    iga.epic_steps.inland_marine --- Row 1/48: desired item#=1, EPIC auto-fill will be 1, KOMATSU | PC2906CI-II | 2019 | Hydraulic Excavator | $364695
15:09:00.860 DEBUG   iga.epic_steps.inland_marine Sched #1: rows_before=0
15:09:01.909 DEBUG   iga.epic_steps.inland_marine Sched #1: row appeared (count 0 → 1)
15:09:02.919 DEBUG   iga.epic_steps.inland_marine Sched #1: EPIC auto-fill (1) matches desired — no typing
15:09:02.919 DEBUG   iga.epic_steps.inland_marine Sched #1: filling description (#streDescription) = 'Hydraulic Excavator'
15:09:03.889 DEBUG   iga.epic_steps.inland_marine kb_fill #streDescription = 'Hydraulic Excavator' OK
15:09:04.119 DEBUG   iga.epic_steps.inland_marine Sched #1: description verified OK
15:09:04.119 DEBUG   iga.epic_steps.inland_marine Sched #1: serial blank — skipping
15:09:04.119 DEBUG   iga.epic_steps.inland_marine Sched #1: filling manufacturer (#streManufacturer) = 'KOMATSU'
15:09:04.699 DEBUG   iga.epic_steps.inland_marine kb_fill #streManufacturer = 'KOMATSU' OK
15:09:04.916 DEBUG   iga.epic_steps.inland_marine Sched #1: manufacturer verified OK
15:09:04.916 DEBUG   iga.epic_steps.inland_marine Sched #1: filling model (#streModel) = 'PC2906CI-II'
15:09:05.640 DEBUG   iga.epic_steps.inland_marine kb_fill #streModel = 'PC2906CI-II' OK
15:09:05.857 DEBUG   iga.epic_steps.inland_marine Sched #1: model verified OK
15:09:05.858 DEBUG   iga.epic_steps.inland_marine Sched #1: filling year (#inteModelYear__textField) = '2019'
15:09:06.347 DEBUG   iga.epic_steps.inland_marine kb_fill #inteModelYear__textField = '2019' OK
15:09:06.562 DEBUG   iga.epic_steps.inland_marine Sched #1: year verified OK
15:09:06.562 DEBUG   iga.epic_steps.inland_marine Sched #1: filling amount (#streAmtInsurance__textField) = '364695'
15:09:07.141 DEBUG   iga.epic_steps.inland_marine kb_fill #streAmtInsurance__textField = '364695' OK
15:09:07.358 DEBUG   iga.epic_steps.inland_marine Sched #1: amount verified OK
15:09:07.675 DEBUG   iga.epic_steps.inland_marine Sched #1: row complete; expected_next=2
15:09:07.675 INFO    iga.epic_steps.inland_marine --- Row 2/48: desired item#=2, EPIC auto-fill will be 2, TOPCON KOMATSU | DZ 3DMC2 | - | GPS/Machine Control System | $45000
15:09:07.679 DEBUG   iga.epic_steps.inland_marine Sched #2: rows_before=1
15:09:09.026 DEBUG   iga.epic_steps.inland_marine Sched #2: row appeared (count 1 → 2)
15:09:10.035 DEBUG   iga.epic_steps.inland_marine Sched #2: EPIC auto-fill (2) matches desired — no typing
15:09:10.036 DEBUG   iga.epic_steps.inland_marine Sched #2: filling description (#streDescription) = 'GPS/Machine Control System'
15:09:11.307 DEBUG   iga.epic_steps.inland_marine kb_fill #streDescription = 'GPS/Machine Control System' OK
15:09:11.525 DEBUG   iga.epic_steps.inland_marine Sched #2: description verified OK
15:09:11.525 DEBUG   iga.epic_steps.inland_marine Sched #2: serial blank — skipping
15:09:11.525 DEBUG   iga.epic_steps.inland_marine Sched #2: filling manufacturer (#streManufacturer) = 'TOPCON KOMATSU'
15:09:12.319 DEBUG   iga.epic_steps.inland_marine kb_fill #streManufacturer = 'TOPCON KOMATSU' OK
15:09:12.537 DEBUG   iga.epic_steps.inland_marine Sched #2: manufacturer verified OK
15:09:12.537 DEBUG   iga.epic_steps.inland_marine Sched #2: filling model (#streModel) = 'DZ 3DMC2'
15:09:13.146 DEBUG   iga.epic_steps.inland_marine kb_fill #streModel = 'DZ 3DMC2' OK
15:09:13.363 DEBUG   iga.epic_steps.inland_marine Sched #2: model verified OK
15:09:13.363 DEBUG   iga.epic_steps.inland_marine Sched #2: year blank — skipping
15:09:13.363 DEBUG   iga.epic_steps.inland_marine Sched #2: filling amount (#streAmtInsurance__textField) = '45000'
15:09:13.884 DEBUG   iga.epic_steps.inland_marine kb_fill #streAmtInsurance__textField = '45000' OK
15:09:14.099 DEBUG   iga.epic_steps.inland_marine Sched #2: amount verified OK
15:09:14.415 DEBUG   iga.epic_steps.inland_marine Sched #2: row complete; expected_next=3
15:09:14.415 INFO    iga.epic_steps.inland_marine --- Row 3/48: desired item#=3, EPIC auto-fill will be 3, TOPCON | GR5 BASE | 2016 | Grade Control Base Station | $16000
15:09:14.420 DEBUG   iga.epic_steps.inland_marine Sched #3: rows_before=2
15:09:15.603 DEBUG   iga.epic_steps.inland_marine Sched #3: row appeared (count 2 → 3)
15:09:16.606 DEBUG   iga.epic_steps.inland_marine Sched #3: EPIC auto-fill (3) matches desired — no typing
15:09:16.606 DEBUG   iga.epic_steps.inland_marine Sched #3: filling description (#streDescription) = 'Grade Control Base Station'
15:09:17.815 DEBUG   iga.epic_steps.inland_marine kb_fill #streDescription = 'Grade Control Base Station' OK
15:09:18.031 DEBUG   iga.epic_steps.inland_marine Sched #3: description verified OK
15:09:18.031 DEBUG   iga.epic_steps.inland_marine Sched #3: filling serial (#streSerialNumber) = '111723100'
15:09:18.675 DEBUG   iga.epic_steps.inland_marine kb_fill #streSerialNumber = '111723100' OK
15:09:18.890 DEBUG   iga.epic_steps.inland_marine Sched #3: serial verified OK
15:09:18.891 DEBUG   iga.epic_steps.inland_marine Sched #3: filling manufacturer (#streManufacturer) = 'TOPCON'
15:09:19.444 DEBUG   iga.epic_steps.inland_marine kb_fill #streManufacturer = 'TOPCON' OK
15:09:19.659 DEBUG   iga.epic_steps.inland_marine Sched #3: manufacturer verified OK
15:09:19.659 DEBUG   iga.epic_steps.inland_marine Sched #3: filling model (#streModel) = 'GR5 BASE'
15:09:20.272 DEBUG   iga.epic_steps.inland_marine kb_fill #streModel = 'GR5 BASE' OK
15:09:20.488 DEBUG   iga.epic_steps.inland_marine Sched #3: model verified OK
15:09:20.488 DEBUG   iga.epic_steps.inland_marine Sched #3: filling year (#inteModelYear__textField) = '2016'
15:09:20.980 DEBUG   iga.epic_steps.inland_marine kb_fill #inteModelYear__textField = '2016' OK
15:09:21.199 DEBUG   iga.epic_steps.inland_marine Sched #3: year verified OK
15:09:21.199 DEBUG   iga.epic_steps.inland_marine Sched #3: filling amount (#streAmtInsurance__textField) = '16000'
15:09:21.720 DEBUG   iga.epic_steps.inland_marine kb_fill #streAmtInsurance__textField = '16000' OK
15:09:21.938 DEBUG   iga.epic_steps.inland_marine Sched #3: amount verified OK
15:09:22.240 DEBUG   iga.epic_steps.inland_marine Sched #3: row complete; expected_next=4
15:09:22.240 INFO    iga.epic_steps.inland_marine --- Row 4/48: desired item#=4, EPIC auto-fill will be 4, - | - | 2012 | Stump Splitter | $15000
15:09:22.244 DEBUG   iga.epic_steps.inland_marine Sched #4: rows_before=3
15:09:23.421 DEBUG   iga.epic_steps.inland_marine Sched #4: row appeared (count 3 → 4)
15:09:24.435 DEBUG   iga.epic_steps.inland_marine Sched #4: EPIC auto-fill (4) matches desired — no typing
15:09:24.435 DEBUG   iga.epic_steps.inland_marine Sched #4: filling description (#streDescription) = 'Stump Splitter'
15:09:25.250 DEBUG   iga.epic_steps.inland_marine kb_fill #streDescription = 'Stump Splitter' OK
15:09:25.467 DEBUG   iga.epic_steps.inland_marine Sched #4: description verified OK
15:09:25.467 DEBUG   iga.epic_steps.inland_marine Sched #4: serial blank — skipping
15:09:25.468 DEBUG   iga.epic_steps.inland_marine Sched #4: manufacturer blank — skipping
15:09:25.468 DEBUG   iga.epic_steps.inland_marine Sched #4: model blank — skipping
15:09:25.468 DEBUG   iga.epic_steps.inland_marine Sched #4: filling year (#inteModelYear__textField) = '2012'
15:09:25.969 DEBUG   iga.epic_steps.inland_marine kb_fill #inteModelYear__textField = '2012' OK
15:09:26.187 DEBUG   iga.epic_steps.inland_marine Sched #4: year verified OK
15:09:26.187 DEBUG   iga.epic_steps.inland_marine Sched #4: filling amount (#streAmtInsurance__textField) = '15000'
15:09:26.708 DEBUG   iga.epic_steps.inland_marine kb_fill #streAmtInsurance__textField = '15000' OK
15:09:26.928 DEBUG   iga.epic_steps.inland_marine Sched #4: amount verified OK
15:09:27.228 DEBUG   iga.epic_steps.inland_marine Sched #4: row complete; expected_next=5
15:09:27.229 INFO    iga.epic_steps.inland_marine --- Row 5/48: desired item#=5, EPIC auto-fill will be 5, CAT | D6R | 2001 | Dozer | $100000
15:09:27.233 DEBUG   iga.epic_steps.inland_marine Sched #5: rows_before=4
15:09:28.421 DEBUG   iga.epic_steps.inland_marine Sched #5: row appeared (count 4 → 5)
15:09:29.437 DEBUG   iga.epic_steps.inland_marine Sched #5: EPIC auto-fill (5) matches desired — no typing
15:09:29.437 DEBUG   iga.epic_steps.inland_marine Sched #5: filling description (#streDescription) = 'Dozer'
15:09:29.965 DEBUG   iga.epic_steps.inland_marine kb_fill #streDescription = 'Dozer' OK
15:09:30.182 DEBUG   iga.epic_steps.inland_marine Sched #5: description verified OK
15:09:30.182 DEBUG   iga.epic_steps.inland_marine Sched #5: filling serial (#streSerialNumber) = 'D6R5LM02724'
15:09:30.896 DEBUG   iga.epic_steps.inland_marine kb_fill #streSerialNumber = 'D6R5LM02724' OK
15:09:31.114 DEBUG   iga.epic_steps.inland_marine Sched #5: serial verified OK
15:09:31.114 DEBUG   iga.epic_steps.inland_marine Sched #5: filling manufacturer (#streManufacturer) = 'CAT'
15:09:31.572 DEBUG   iga.epic_steps.inland_marine kb_fill #streManufacturer = 'CAT' OK
15:09:31.790 DEBUG   iga.epic_steps.inland_marine Sched #5: manufacturer verified OK
15:09:31.790 DEBUG   iga.epic_steps.inland_marine Sched #5: filling model (#streModel) = 'D6R'
15:09:32.247 DEBUG   iga.epic_steps.inland_marine kb_fill #streModel = 'D6R' OK
15:09:32.464 DEBUG   iga.epic_steps.inland_marine Sched #5: model verified OK
15:09:32.464 DEBUG   iga.epic_steps.inland_marine Sched #5: filling year (#inteModelYear__textField) = '2001'
15:09:32.951 DEBUG   iga.epic_steps.inland_marine kb_fill #inteModelYear__textField = '2001' OK
15:09:33.180 DEBUG   iga.epic_steps.inland_marine Sched #5: year verified OK
15:09:33.181 DEBUG   iga.epic_steps.inland_marine Sched #5: filling amount (#streAmtInsurance__textField) = '100000'
15:09:33.732 DEBUG   iga.epic_steps.inland_marine kb_fill #streAmtInsurance__textField = '100000' OK
15:09:33.950 DEBUG   iga.epic_steps.inland_marine Sched #5: amount verified OK
15:09:34.252 DEBUG   iga.epic_steps.inland_marine Sched #5: row complete; expected_next=6
15:09:34.252 INFO    iga.epic_steps.inland_marine --- Row 6/48: desired item#=6, EPIC auto-fill will be 6, KOMATSU | 250 | 2001 | Wheel Loader | $40000
15:09:34.257 DEBUG   iga.epic_steps.inland_marine Sched #6: rows_before=5
15:09:35.420 DEBUG   iga.epic_steps.inland_marine Sched #6: row appeared (count 5 → 6)
15:09:36.437 DEBUG   iga.epic_steps.inland_marine Sched #6: EPIC auto-fill (6) matches desired — no typing
15:09:36.437 DEBUG   iga.epic_steps.inland_marine Sched #6: filling description (#streDescription) = 'Wheel Loader'
15:09:37.202 DEBUG   iga.epic_steps.inland_marine kb_fill #streDescription = 'Wheel Loader' OK
15:09:37.417 DEBUG   iga.epic_steps.inland_marine Sched #6: description verified OK
15:09:37.417 DEBUG   iga.epic_steps.inland_marine Sched #6: filling serial (#streSerialNumber) = '53420'
15:09:37.933 DEBUG   iga.epic_steps.inland_marine kb_fill #streSerialNumber = '53420' OK
15:09:38.148 DEBUG   iga.epic_steps.inland_marine Sched #6: serial verified OK
15:09:38.149 DEBUG   iga.epic_steps.inland_marine Sched #6: filling manufacturer (#streManufacturer) = 'KOMATSU'
15:09:38.748 DEBUG   iga.epic_steps.inland_marine kb_fill #streManufacturer = 'KOMATSU' OK
15:09:38.966 DEBUG   iga.epic_steps.inland_marine Sched #6: manufacturer verified OK
15:09:38.966 DEBUG   iga.epic_steps.inland_marine Sched #6: filling model (#streModel) = '250'
15:09:39.422 DEBUG   iga.epic_steps.inland_marine kb_fill #streModel = '250' OK
15:09:39.638 DEBUG   iga.epic_steps.inland_marine Sched #6: model verified OK
15:09:39.638 DEBUG   iga.epic_steps.inland_marine Sched #6: filling year (#inteModelYear__textField) = '2001'
15:09:40.138 DEBUG   iga.epic_steps.inland_marine kb_fill #inteModelYear__textField = '2001' OK
15:09:40.353 DEBUG   iga.epic_steps.inland_marine Sched #6: year verified OK
15:09:40.353 DEBUG   iga.epic_steps.inland_marine Sched #6: filling amount (#streAmtInsurance__textField) = '40000'
15:09:40.879 DEBUG   iga.epic_steps.inland_marine kb_fill #streAmtInsurance__textField = '40000' OK
15:09:41.098 DEBUG   iga.epic_steps.inland_marine Sched #6: amount verified OK
15:09:41.413 DEBUG   iga.epic_steps.inland_marine Sched #6: row complete; expected_next=7
15:09:41.413 INFO    iga.epic_steps.inland_marine --- Row 7/48: desired item#=7, EPIC auto-fill will be 7, KOMATSU | WA320-7 | 2019 | Wheel Loader | $79000
15:09:41.418 DEBUG   iga.epic_steps.inland_marine Sched #7: rows_before=6
15:09:42.611 DEBUG   iga.epic_steps.inland_marine Sched #7: row appeared (count 6 → 7)
15:09:43.620 DEBUG   iga.epic_steps.inland_marine Sched #7: EPIC auto-fill (7) matches desired — no typing
15:09:43.620 DEBUG   iga.epic_steps.inland_marine Sched #7: filling description (#streDescription) = 'Wheel Loader'
15:09:44.370 DEBUG   iga.epic_steps.inland_marine kb_fill #streDescription = 'Wheel Loader' OK
15:09:44.589 DEBUG   iga.epic_steps.inland_marine Sched #7: description verified OK
15:09:44.589 DEBUG   iga.epic_steps.inland_marine Sched #7: filling serial (#streSerialNumber) = 'A36590'
15:09:45.142 DEBUG   iga.epic_steps.inland_marine kb_fill #streSerialNumber = 'A36590' OK
15:09:45.359 DEBUG   iga.epic_steps.inland_marine Sched #7: serial verified OK
15:09:45.360 DEBUG   iga.epic_steps.inland_marine Sched #7: filling manufacturer (#streManufacturer) = 'KOMATSU'
15:09:45.958 DEBUG   iga.epic_steps.inland_marine kb_fill #streManufacturer = 'KOMATSU' OK
15:09:46.175 DEBUG   iga.epic_steps.inland_marine Sched #7: manufacturer verified OK
15:09:46.175 DEBUG   iga.epic_steps.inland_marine Sched #7: filling model (#streModel) = 'WA320-7'
15:09:46.758 DEBUG   iga.epic_steps.inland_marine kb_fill #streModel = 'WA320-7' OK
15:09:46.975 DEBUG   iga.epic_steps.inland_marine Sched #7: model verified OK
15:09:46.975 DEBUG   iga.epic_steps.inland_marine Sched #7: filling year (#inteModelYear__textField) = '2019'
15:09:47.463 DEBUG   iga.epic_steps.inland_marine kb_fill #inteModelYear__textField = '2019' OK
15:09:47.679 DEBUG   iga.epic_steps.inland_marine Sched #7: year verified OK
15:09:47.679 DEBUG   iga.epic_steps.inland_marine Sched #7: filling amount (#streAmtInsurance__textField) = '79000'
15:09:48.213 DEBUG   iga.epic_steps.inland_marine kb_fill #streAmtInsurance__textField = '79000' OK
15:09:48.430 DEBUG   iga.epic_steps.inland_marine Sched #7: amount verified OK
15:09:48.746 DEBUG   iga.epic_steps.inland_marine Sched #7: row complete; expected_next=8
15:09:48.746 INFO    iga.epic_steps.inland_marine --- Row 8/48: desired item#=8, EPIC auto-fill will be 8, KOMATSU | PC210LCI-II | - | Excavator | $239220
15:09:48.750 DEBUG   iga.epic_steps.inland_marine Sched #8: rows_before=7
15:09:50.110 DEBUG   iga.epic_steps.inland_marine Sched #8: row appeared (count 7 → 8)
15:09:51.122 DEBUG   iga.epic_steps.inland_marine Sched #8: EPIC auto-fill (8) matches desired — no typing
15:09:51.123 DEBUG   iga.epic_steps.inland_marine Sched #8: filling description (#streDescription) = 'Excavator'
15:09:51.794 DEBUG   iga.epic_steps.inland_marine kb_fill #streDescription = 'Excavator' OK
15:09:52.008 DEBUG   iga.epic_steps.inland_marine Sched #8: description verified OK
15:09:52.008 DEBUG   iga.epic_steps.inland_marine Sched #8: filling serial (#streSerialNumber) = '501471'
15:09:52.562 DEBUG   iga.epic_steps.inland_marine kb_fill #streSerialNumber = '501471' OK
15:09:52.777 DEBUG   iga.epic_steps.inland_marine Sched #8: serial verified OK
15:09:52.777 DEBUG   iga.epic_steps.inland_marine Sched #8: filling manufacturer (#streManufacturer) = 'KOMATSU'
15:09:53.377 DEBUG   iga.epic_steps.inland_marine kb_fill #streManufacturer = 'KOMATSU' OK
15:09:53.592 DEBUG   iga.epic_steps.inland_marine Sched #8: manufacturer verified OK
15:09:53.592 DEBUG   iga.epic_steps.inland_marine Sched #8: filling model (#streModel) = 'PC210LCI-II'
15:09:54.299 DEBUG   iga.epic_steps.inland_marine kb_fill #streModel = 'PC210LCI-II' OK
15:09:54.516 DEBUG   iga.epic_steps.inland_marine Sched #8: model verified OK
15:09:54.516 DEBUG   iga.epic_steps.inland_marine Sched #8: year blank — skipping
15:09:54.517 DEBUG   iga.epic_steps.inland_marine Sched #8: filling amount (#streAmtInsurance__textField) = '239220'
15:09:55.083 DEBUG   iga.epic_steps.inland_marine kb_fill #streAmtInsurance__textField = '239220' OK
15:09:55.299 DEBUG   iga.epic_steps.inland_marine Sched #8: amount verified OK
15:09:55.616 DEBUG   iga.epic_steps.inland_marine Sched #8: row complete; expected_next=9
15:09:55.616 INFO    iga.epic_steps.inland_marine --- Row 9/48: desired item#=9, EPIC auto-fill will be 9, KOMATSU | PC 300 | 2005 | Excavator | $125000
15:09:55.620 DEBUG   iga.epic_steps.inland_marine Sched #9: rows_before=8
15:09:56.809 DEBUG   iga.epic_steps.inland_marine Sched #9: row appeared (count 8 → 9)
15:09:57.827 DEBUG   iga.epic_steps.inland_marine Sched #9: EPIC auto-fill (9) matches desired — no typing
15:09:57.827 DEBUG   iga.epic_steps.inland_marine Sched #9: filling description (#streDescription) = 'Excavator'
15:09:58.483 DEBUG   iga.epic_steps.inland_marine kb_fill #streDescription = 'Excavator' OK
15:09:58.701 DEBUG   iga.epic_steps.inland_marine Sched #9: description verified OK
15:09:58.701 DEBUG   iga.epic_steps.inland_marine Sched #9: filling serial (#streSerialNumber) = 'A86605'
15:09:59.255 DEBUG   iga.epic_steps.inland_marine kb_fill #streSerialNumber = 'A86605' OK
15:09:59.470 DEBUG   iga.epic_steps.inland_marine Sched #9: serial verified OK
15:09:59.470 DEBUG   iga.epic_steps.inland_marine Sched #9: filling manufacturer (#streManufacturer) = 'KOMATSU'
15:10:00.051 DEBUG   iga.epic_steps.inland_marine kb_fill #streManufacturer = 'KOMATSU' OK
15:10:00.266 DEBUG   iga.epic_steps.inland_marine Sched #9: manufacturer verified OK
15:10:00.266 DEBUG   iga.epic_steps.inland_marine Sched #9: filling model (#streModel) = 'PC 300'
15:10:00.818 DEBUG   iga.epic_steps.inland_marine kb_fill #streModel = 'PC 300' OK
15:10:01.036 DEBUG   iga.epic_steps.inland_marine Sched #9: model verified OK
15:10:01.036 DEBUG   iga.epic_steps.inland_marine Sched #9: filling year (#inteModelYear__textField) = '2005'
15:10:01.528 DEBUG   iga.epic_steps.inland_marine kb_fill #inteModelYear__textField = '2005' OK
15:10:01.743 DEBUG   iga.epic_steps.inland_marine Sched #9: year verified OK
15:10:01.743 DEBUG   iga.epic_steps.inland_marine Sched #9: filling amount (#streAmtInsurance__textField) = '125000'
15:10:02.313 DEBUG   iga.epic_steps.inland_marine kb_fill #streAmtInsurance__textField = '125000' OK
15:10:02.541 DEBUG   iga.epic_steps.inland_marine Sched #9: amount verified OK
15:10:02.843 DEBUG   iga.epic_steps.inland_marine Sched #9: row complete; expected_next=10
15:10:02.843 INFO    iga.epic_steps.inland_marine --- Row 10/48: desired item#=10, EPIC auto-fill will be 10, KOMATSU | D39-23 | 2014 | Dozer | $102000
15:10:02.848 DEBUG   iga.epic_steps.inland_marine Sched #10: rows_before=9
15:10:04.226 DEBUG   iga.epic_steps.inland_marine Sched #10: row appeared (count 9 → 10)
15:10:05.244 DEBUG   iga.epic_steps.inland_marine Sched #10: EPIC auto-fill (10) matches desired — no typing
15:10:05.244 DEBUG   iga.epic_steps.inland_marine Sched #10: filling description (#streDescription) = 'Dozer'
15:10:05.771 DEBUG   iga.epic_steps.inland_marine kb_fill #streDescription = 'Dozer' OK
15:10:05.988 DEBUG   iga.epic_steps.inland_marine Sched #10: description verified OK
15:10:05.988 DEBUG   iga.epic_steps.inland_marine Sched #10: filling serial (#streSerialNumber) = '90530'
15:10:06.508 DEBUG   iga.epic_steps.inland_marine kb_fill #streSerialNumber = '90530' OK
15:10:06.733 DEBUG   iga.epic_steps.inland_marine Sched #10: serial verified OK
15:10:06.734 DEBUG   iga.epic_steps.inland_marine Sched #10: filling manufacturer (#streManufacturer) = 'KOMATSU'
15:10:07.325 DEBUG   iga.epic_steps.inland_marine kb_fill #streManufacturer = 'KOMATSU' OK
15:10:07.543 DEBUG   iga.epic_steps.inland_marine Sched #10: manufacturer verified OK
15:10:07.543 DEBUG   iga.epic_steps.inland_marine Sched #10: filling model (#streModel) = 'D39-23'
15:10:08.099 DEBUG   iga.epic_steps.inland_marine kb_fill #streModel = 'D39-23' OK
15:10:08.316 DEBUG   iga.epic_steps.inland_marine Sched #10: model verified OK
15:10:08.316 DEBUG   iga.epic_steps.inland_marine Sched #10: filling year (#inteModelYear__textField) = '2014'
15:10:08.808 DEBUG   iga.epic_steps.inland_marine kb_fill #inteModelYear__textField = '2014' OK
15:10:09.023 DEBUG   iga.epic_steps.inland_marine Sched #10: year verified OK
15:10:09.023 DEBUG   iga.epic_steps.inland_marine Sched #10: filling amount (#streAmtInsurance__textField) = '102000'
15:10:09.591 DEBUG   iga.epic_steps.inland_marine kb_fill #streAmtInsurance__textField = '102000' OK
15:10:09.806 DEBUG   iga.epic_steps.inland_marine Sched #10: amount verified OK
15:10:10.121 DEBUG   iga.epic_steps.inland_marine Sched #10: row complete; expected_next=11
15:10:10.121 INFO    iga.epic_steps.inland_marine --- Row 11/48: desired item#=11, EPIC auto-fill will be 11, POLARIS | RANGER | 2015 | Utility Vehicle | $13000
15:10:10.125 DEBUG   iga.epic_steps.inland_marine Sched #11: rows_before=10
15:10:11.294 DEBUG   iga.epic_steps.inland_marine Sched #11: row appeared (count 10 → 11)
15:10:12.309 DEBUG   iga.epic_steps.inland_marine Sched #11: EPIC auto-fill (11) matches desired — no typing
15:10:12.309 DEBUG   iga.epic_steps.inland_marine Sched #11: filling description (#streDescription) = 'Utility Vehicle'
15:10:13.154 DEBUG   iga.epic_steps.inland_marine kb_fill #streDescription = 'Utility Vehicle' OK
15:10:13.372 DEBUG   iga.epic_steps.inland_marine Sched #11: description verified OK
15:10:13.372 DEBUG   iga.epic_steps.inland_marine Sched #11: filling serial (#streSerialNumber) = '4XARTE871GB330717'
15:10:14.263 DEBUG   iga.epic_steps.inland_marine kb_fill #streSerialNumber = '4XARTE871GB330717' OK
15:10:14.480 DEBUG   iga.epic_steps.inland_marine Sched #11: serial verified OK
15:10:14.480 DEBUG   iga.epic_steps.inland_marine Sched #11: filling manufacturer (#streManufacturer) = 'POLARIS'
15:10:15.057 DEBUG   iga.epic_steps.inland_marine kb_fill #streManufacturer = 'POLARIS' OK
15:10:15.280 DEBUG   iga.epic_steps.inland_marine Sched #11: manufacturer verified OK
15:10:15.280 DEBUG   iga.epic_steps.inland_marine Sched #11: filling model (#streModel) = 'RANGER'
15:10:15.833 DEBUG   iga.epic_steps.inland_marine kb_fill #streModel = 'RANGER' OK
15:10:16.052 DEBUG   iga.epic_steps.inland_marine Sched #11: model verified OK
15:10:16.052 DEBUG   iga.epic_steps.inland_marine Sched #11: filling year (#inteModelYear__textField) = '2015'
15:10:16.536 DEBUG   iga.epic_steps.inland_marine kb_fill #inteModelYear__textField = '2015' OK
15:10:16.756 DEBUG   iga.epic_steps.inland_marine Sched #11: year verified OK
15:10:16.757 DEBUG   iga.epic_steps.inland_marine Sched #11: filling amount (#streAmtInsurance__textField) = '13000'
15:10:17.293 DEBUG   iga.epic_steps.inland_marine kb_fill #streAmtInsurance__textField = '13000' OK
15:10:17.507 DEBUG   iga.epic_steps.inland_marine Sched #11: amount verified OK
15:10:17.810 DEBUG   iga.epic_steps.inland_marine Sched #11: row complete; expected_next=12
15:10:17.810 INFO    iga.epic_steps.inland_marine --- Row 12/48: desired item#=13, EPIC auto-fill will be 12, MILLER | - | - | Welder Gas Powered | $7500
15:10:17.814 DEBUG   iga.epic_steps.inland_marine Sched #12: rows_before=11
15:10:19.020 DEBUG   iga.epic_steps.inland_marine Sched #12: row appeared (count 11 → 12)
15:10:20.022 INFO    iga.epic_steps.inland_marine Sched #12: GAP — EPIC would auto-fill 12, we want 13. Overriding.
15:10:20.460 DEBUG   iga.epic_steps.inland_marine kb_fill #inteItemNumber__textField = '13' OK
15:10:20.673 DEBUG   iga.epic_steps.inland_marine Sched #12: item# override verified
15:10:20.674 DEBUG   iga.epic_steps.inland_marine Sched #12: filling description (#streDescription) = 'Welder Gas Powered'
15:10:21.621 DEBUG   iga.epic_steps.inland_marine kb_fill #streDescription = 'Welder Gas Powered' OK
15:10:21.839 DEBUG   iga.epic_steps.inland_marine Sched #12: description verified OK
15:10:21.839 DEBUG   iga.epic_steps.inland_marine Sched #12: serial blank — skipping
15:10:21.839 DEBUG   iga.epic_steps.inland_marine Sched #12: filling manufacturer (#streManufacturer) = 'MILLER'
15:10:22.405 DEBUG   iga.epic_steps.inland_marine kb_fill #streManufacturer = 'MILLER' OK
15:10:22.622 DEBUG   iga.epic_steps.inland_marine Sched #12: manufacturer verified OK
15:10:22.622 DEBUG   iga.epic_steps.inland_marine Sched #12: model blank — skipping
15:10:22.622 DEBUG   iga.epic_steps.inland_marine Sched #12: year blank — skipping
15:10:22.622 DEBUG   iga.epic_steps.inland_marine Sched #12: filling amount (#streAmtInsurance__textField) = '7500'
15:10:23.152 DEBUG   iga.epic_steps.inland_marine kb_fill #streAmtInsurance__textField = '7500' OK
15:10:23.369 DEBUG   iga.epic_steps.inland_marine Sched #12: amount verified OK
15:10:23.678 DEBUG   iga.epic_steps.inland_marine Sched #12: row complete; expected_next=14
15:10:23.678 INFO    iga.epic_steps.inland_marine --- Row 13/48: desired item#=14, EPIC auto-fill will be 14, - | - | - | Skid Steer Attachment | $12500
15:10:23.682 DEBUG   iga.epic_steps.inland_marine Sched #13: rows_before=12
15:10:24.874 DEBUG   iga.epic_steps.inland_marine Sched #13: row appeared (count 12 → 13)
15:10:25.892 DEBUG   iga.epic_steps.inland_marine Sched #13: EPIC auto-fill (14) matches desired — no typing
15:10:25.892 DEBUG   iga.epic_steps.inland_marine Sched #13: filling description (#streDescription) = 'Skid Steer Attachment'
15:10:26.916 DEBUG   iga.epic_steps.inland_marine kb_fill #streDescription = 'Skid Steer Attachment' OK
15:10:27.135 DEBUG   iga.epic_steps.inland_marine Sched #13: description verified OK
15:10:27.135 DEBUG   iga.epic_steps.inland_marine Sched #13: serial blank — skipping
15:10:27.135 DEBUG   iga.epic_steps.inland_marine Sched #13: manufacturer blank — skipping
15:10:27.135 DEBUG   iga.epic_steps.inland_marine Sched #13: model blank — skipping
15:10:27.135 DEBUG   iga.epic_steps.inland_marine Sched #13: year blank — skipping
15:10:27.135 DEBUG   iga.epic_steps.inland_marine Sched #13: filling amount (#streAmtInsurance__textField) = '12500'
15:10:27.666 DEBUG   iga.epic_steps.inland_marine kb_fill #streAmtInsurance__textField = '12500' OK
15:10:27.882 DEBUG   iga.epic_steps.inland_marine Sched #13: amount verified OK
15:10:28.196 DEBUG   iga.epic_steps.inland_marine Sched #13: row complete; expected_next=15
15:10:28.196 INFO    iga.epic_steps.inland_marine --- Row 14/48: desired item#=15, EPIC auto-fill will be 15, FECON | - | 2017 | Mulching Head | $26287
15:10:28.200 DEBUG   iga.epic_steps.inland_marine Sched #14: rows_before=13
15:10:29.385 DEBUG   iga.epic_steps.inland_marine Sched #14: row appeared (count 13 → 14)
15:10:30.395 DEBUG   iga.epic_steps.inland_marine Sched #14: EPIC auto-fill (15) matches desired — no typing
15:10:30.395 DEBUG   iga.epic_steps.inland_marine Sched #14: filling description (#streDescription) = 'Mulching Head'
15:10:31.195 DEBUG   iga.epic_steps.inland_marine kb_fill #streDescription = 'Mulching Head' OK
15:10:31.411 DEBUG   iga.epic_steps.inland_marine Sched #14: description verified OK
15:10:31.411 DEBUG   iga.epic_steps.inland_marine Sched #14: filling serial (#streSerialNumber) = '00BH74011639'
15:10:32.179 DEBUG   iga.epic_steps.inland_marine kb_fill #streSerialNumber = '00BH74011639' OK
15:10:32.396 DEBUG   iga.epic_steps.inland_marine Sched #14: serial verified OK
15:10:32.396 DEBUG   iga.epic_steps.inland_marine Sched #14: filling manufacturer (#streManufacturer) = 'FECON'
15:10:32.929 DEBUG   iga.epic_steps.inland_marine kb_fill #streManufacturer = 'FECON' OK
15:10:33.146 DEBUG   iga.epic_steps.inland_marine Sched #14: manufacturer verified OK
15:10:33.146 DEBUG   iga.epic_steps.inland_marine Sched #14: model blank — skipping
15:10:33.146 DEBUG   iga.epic_steps.inland_marine Sched #14: filling year (#inteModelYear__textField) = '2017'
15:10:33.675 DEBUG   iga.epic_steps.inland_marine kb_fill #inteModelYear__textField = '2017' OK
15:10:33.890 DEBUG   iga.epic_steps.inland_marine Sched #14: year verified OK
15:10:33.890 DEBUG   iga.epic_steps.inland_marine Sched #14: filling amount (#streAmtInsurance__textField) = '26287'
15:10:34.424 DEBUG   iga.epic_steps.inland_marine kb_fill #streAmtInsurance__textField = '26287' OK
15:10:34.641 DEBUG   iga.epic_steps.inland_marine Sched #14: amount verified OK
15:10:34.942 DEBUG   iga.epic_steps.inland_marine Sched #14: row complete; expected_next=16
15:10:34.942 INFO    iga.epic_steps.inland_marine --- Row 15/48: desired item#=16, EPIC auto-fill will be 16, BRAMCO | - | 2017 | Rake for Skidsteer | $5951
15:10:34.946 DEBUG   iga.epic_steps.inland_marine Sched #15: rows_before=14
15:10:36.136 DEBUG   iga.epic_steps.inland_marine Sched #15: row appeared (count 14 → 15)
15:10:37.150 DEBUG   iga.epic_steps.inland_marine Sched #15: EPIC auto-fill (16) matches desired — no typing
15:10:37.151 DEBUG   iga.epic_steps.inland_marine Sched #15: filling description (#streDescription) = 'Rake for Skidsteer'
15:10:38.089 DEBUG   iga.epic_steps.inland_marine kb_fill #streDescription = 'Rake for Skidsteer' OK
15:10:38.316 DEBUG   iga.epic_steps.inland_marine Sched #15: description verified OK
15:10:38.316 DEBUG   iga.epic_steps.inland_marine Sched #15: serial blank — skipping
15:10:38.316 DEBUG   iga.epic_steps.inland_marine Sched #15: filling manufacturer (#streManufacturer) = 'BRAMCO'
15:10:38.878 DEBUG   iga.epic_steps.inland_marine kb_fill #streManufacturer = 'BRAMCO' OK
15:10:39.095 DEBUG   iga.epic_steps.inland_marine Sched #15: manufacturer verified OK
15:10:39.095 DEBUG   iga.epic_steps.inland_marine Sched #15: model blank — skipping
15:10:39.095 DEBUG   iga.epic_steps.inland_marine Sched #15: filling year (#inteModelYear__textField) = '2017'
15:10:39.594 DEBUG   iga.epic_steps.inland_marine kb_fill #inteModelYear__textField = '2017' OK
15:10:39.812 DEBUG   iga.epic_steps.inland_marine Sched #15: year verified OK
15:10:39.812 DEBUG   iga.epic_steps.inland_marine Sched #15: filling amount (#streAmtInsurance__textField) = '5951'
15:10:40.335 DEBUG   iga.epic_steps.inland_marine kb_fill #streAmtInsurance__textField = '5951' OK
15:10:40.552 DEBUG   iga.epic_steps.inland_marine Sched #15: amount verified OK
15:10:40.853 DEBUG   iga.epic_steps.inland_marine Sched #15: row complete; expected_next=17
15:10:40.853 INFO    iga.epic_steps.inland_marine --- Row 16/48: desired item#=17, EPIC auto-fill will be 17, - | - | - | Silt Fence Plow | $2500
15:10:40.857 DEBUG   iga.epic_steps.inland_marine Sched #16: rows_before=15
15:10:42.052 DEBUG   iga.epic_steps.inland_marine Sched #16: row appeared (count 15 → 16)
15:10:43.056 DEBUG   iga.epic_steps.inland_marine Sched #16: EPIC auto-fill (17) matches desired — no typing
15:10:43.057 DEBUG   iga.epic_steps.inland_marine Sched #16: filling description (#streDescription) = 'Silt Fence Plow'
15:10:43.906 DEBUG   iga.epic_steps.inland_marine kb_fill #streDescription = 'Silt Fence Plow' OK
15:10:44.127 DEBUG   iga.epic_steps.inland_marine Sched #16: description verified OK
15:10:44.127 DEBUG   iga.epic_steps.inland_marine Sched #16: serial blank — skipping
15:10:44.127 DEBUG   iga.epic_steps.inland_marine Sched #16: manufacturer blank — skipping
15:10:44.127 DEBUG   iga.epic_steps.inland_marine Sched #16: model blank — skipping
15:10:44.127 DEBUG   iga.epic_steps.inland_marine Sched #16: year blank — skipping
15:10:44.127 DEBUG   iga.epic_steps.inland_marine Sched #16: filling amount (#streAmtInsurance__textField) = '2500'
15:10:44.633 DEBUG   iga.epic_steps.inland_marine kb_fill #streAmtInsurance__textField = '2500' OK
15:10:44.848 DEBUG   iga.epic_steps.inland_marine Sched #16: amount verified OK
15:10:45.160 DEBUG   iga.epic_steps.inland_marine Sched #16: row complete; expected_next=18
15:10:45.161 INFO    iga.epic_steps.inland_marine --- Row 17/48: desired item#=18, EPIC auto-fill will be 18, BIG BUD | 525/50 | - | Tractor | $150000
15:10:45.165 DEBUG   iga.epic_steps.inland_marine Sched #17: rows_before=16
15:10:46.356 DEBUG   iga.epic_steps.inland_marine Sched #17: row appeared (count 16 → 17)
15:10:47.362 DEBUG   iga.epic_steps.inland_marine Sched #17: EPIC auto-fill (18) matches desired — no typing
15:10:47.362 DEBUG   iga.epic_steps.inland_marine Sched #17: filling description (#streDescription) = 'Tractor'
15:10:47.955 DEBUG   iga.epic_steps.inland_marine kb_fill #streDescription = 'Tractor' OK
15:10:48.176 DEBUG   iga.epic_steps.inland_marine Sched #17: description verified OK
15:10:48.176 DEBUG   iga.epic_steps.inland_marine Sched #17: filling serial (#streSerialNumber) = 'XXXX'
15:10:48.665 DEBUG   iga.epic_steps.inland_marine kb_fill #streSerialNumber = 'XXXX' OK
15:10:48.881 DEBUG   iga.epic_steps.inland_marine Sched #17: serial verified OK
15:10:48.882 DEBUG   iga.epic_steps.inland_marine Sched #17: filling manufacturer (#streManufacturer) = 'BIG BUD'
15:10:49.480 DEBUG   iga.epic_steps.inland_marine kb_fill #streManufacturer = 'BIG BUD' OK
15:10:49.697 DEBUG   iga.epic_steps.inland_marine Sched #17: manufacturer verified OK
15:10:49.697 DEBUG   iga.epic_steps.inland_marine Sched #17: filling model (#streModel) = '525/50'
15:10:50.260 DEBUG   iga.epic_steps.inland_marine kb_fill #streModel = '525/50' OK
15:10:50.476 DEBUG   iga.epic_steps.inland_marine Sched #17: model verified OK
15:10:50.476 DEBUG   iga.epic_steps.inland_marine Sched #17: year blank — skipping
15:10:50.476 DEBUG   iga.epic_steps.inland_marine Sched #17: filling amount (#streAmtInsurance__textField) = '150000'
15:10:51.059 DEBUG   iga.epic_steps.inland_marine kb_fill #streAmtInsurance__textField = '150000' OK
15:10:51.292 DEBUG   iga.epic_steps.inland_marine Sched #17: amount verified OK
15:10:51.605 DEBUG   iga.epic_steps.inland_marine Sched #17: row complete; expected_next=19
15:10:51.605 INFO    iga.epic_steps.inland_marine --- Row 18/48: desired item#=19, EPIC auto-fill will be 19, TOPCON | GR5 BASE | 2019 | Grade Control Base Station | $19000
15:10:51.609 DEBUG   iga.epic_steps.inland_marine Sched #18: rows_before=17
15:10:52.806 DEBUG   iga.epic_steps.inland_marine Sched #18: row appeared (count 17 → 18)
15:10:53.820 DEBUG   iga.epic_steps.inland_marine Sched #18: EPIC auto-fill (19) matches desired — no typing
15:10:53.820 DEBUG   iga.epic_steps.inland_marine Sched #18: filling description (#streDescription) = 'Grade Control Base Station'
15:10:55.008 DEBUG   iga.epic_steps.inland_marine kb_fill #streDescription = 'Grade Control Base Station' OK
15:10:55.225 DEBUG   iga.epic_steps.inland_marine Sched #18: description verified OK
15:10:55.225 DEBUG   iga.epic_steps.inland_marine Sched #18: filling serial (#streSerialNumber) = '1117-24917'
15:10:55.912 DEBUG   iga.epic_steps.inland_marine kb_fill #streSerialNumber = '1117-24917' OK
15:10:56.128 DEBUG   iga.epic_steps.inland_marine Sched #18: serial verified OK
15:10:56.128 DEBUG   iga.epic_steps.inland_marine Sched #18: filling manufacturer (#streManufacturer) = 'TOPCON'
15:10:56.700 DEBUG   iga.epic_steps.inland_marine kb_fill #streManufacturer = 'TOPCON' OK
15:10:56.920 DEBUG   iga.epic_steps.inland_marine Sched #18: manufacturer verified OK
15:10:56.920 DEBUG   iga.epic_steps.inland_marine Sched #18: filling model (#streModel) = 'GR5 BASE'
15:10:57.569 DEBUG   iga.epic_steps.inland_marine kb_fill #streModel = 'GR5 BASE' OK
15:10:57.785 DEBUG   iga.epic_steps.inland_marine Sched #18: model verified OK
15:10:57.786 DEBUG   iga.epic_steps.inland_marine Sched #18: filling year (#inteModelYear__textField) = '2019'
15:10:58.272 DEBUG   iga.epic_steps.inland_marine kb_fill #inteModelYear__textField = '2019' OK
15:10:58.486 DEBUG   iga.epic_steps.inland_marine Sched #18: year verified OK
15:10:58.486 DEBUG   iga.epic_steps.inland_marine Sched #18: filling amount (#streAmtInsurance__textField) = '19000'
15:10:59.026 DEBUG   iga.epic_steps.inland_marine kb_fill #streAmtInsurance__textField = '19000' OK
15:10:59.245 DEBUG   iga.epic_steps.inland_marine Sched #18: amount verified OK
15:10:59.547 DEBUG   iga.epic_steps.inland_marine Sched #18: row complete; expected_next=20
15:10:59.547 INFO    iga.epic_steps.inland_marine --- Row 19/48: desired item#=20, EPIC auto-fill will be 20, KOMATSU | WA320-7 | - | Wheel Loader | $98233
15:10:59.551 DEBUG   iga.epic_steps.inland_marine Sched #19: rows_before=18
15:11:01.379 DEBUG   iga.epic_steps.inland_marine Sched #19: row appeared (count 18 → 19)
15:11:02.394 DEBUG   iga.epic_steps.inland_marine Sched #19: EPIC auto-fill (20) matches desired — no typing
15:11:02.394 DEBUG   iga.epic_steps.inland_marine Sched #19: filling description (#streDescription) = 'Wheel Loader'
15:11:03.146 DEBUG   iga.epic_steps.inland_marine kb_fill #streDescription = 'Wheel Loader' OK
15:11:03.363 DEBUG   iga.epic_steps.inland_marine Sched #19: description verified OK
15:11:03.364 DEBUG   iga.epic_steps.inland_marine Sched #19: filling serial (#streSerialNumber) = 'A36428'
15:11:03.929 DEBUG   iga.epic_steps.inland_marine kb_fill #streSerialNumber = 'A36428' OK
15:11:04.146 DEBUG   iga.epic_steps.inland_marine Sched #19: serial verified OK
15:11:04.146 DEBUG   iga.epic_steps.inland_marine Sched #19: filling manufacturer (#streManufacturer) = 'KOMATSU'
15:11:04.749 DEBUG   iga.epic_steps.inland_marine kb_fill #streManufacturer = 'KOMATSU' OK
15:11:04.965 DEBUG   iga.epic_steps.inland_marine Sched #19: manufacturer verified OK
15:11:04.965 DEBUG   iga.epic_steps.inland_marine Sched #19: filling model (#streModel) = 'WA320-7'
15:11:05.562 DEBUG   iga.epic_steps.inland_marine kb_fill #streModel = 'WA320-7' OK
15:11:05.780 DEBUG   iga.epic_steps.inland_marine Sched #19: model verified OK
15:11:05.780 DEBUG   iga.epic_steps.inland_marine Sched #19: year blank — skipping
15:11:05.781 DEBUG   iga.epic_steps.inland_marine Sched #19: filling amount (#streAmtInsurance__textField) = '98233'
15:11:06.318 DEBUG   iga.epic_steps.inland_marine kb_fill #streAmtInsurance__textField = '98233' OK
15:11:06.535 DEBUG   iga.epic_steps.inland_marine Sched #19: amount verified OK
15:11:06.838 DEBUG   iga.epic_steps.inland_marine Sched #19: row complete; expected_next=21
15:11:06.838 INFO    iga.epic_steps.inland_marine --- Row 20/48: desired item#=21, EPIC auto-fill will be 21, KOMATSU | D61PXI-24 | - | Crawler Dozer | $348000
15:11:06.842 DEBUG   iga.epic_steps.inland_marine Sched #20: rows_before=19
15:11:08.034 DEBUG   iga.epic_steps.inland_marine Sched #20: row appeared (count 19 → 20)
15:11:09.038 DEBUG   iga.epic_steps.inland_marine Sched #20: EPIC auto-fill (21) matches desired — no typing
15:11:09.038 DEBUG   iga.epic_steps.inland_marine Sched #20: filling description (#streDescription) = 'Crawler Dozer'
15:11:09.821 DEBUG   iga.epic_steps.inland_marine kb_fill #streDescription = 'Crawler Dozer' OK
15:11:10.038 DEBUG   iga.epic_steps.inland_marine Sched #20: description verified OK
15:11:10.038 DEBUG   iga.epic_steps.inland_marine Sched #20: filling serial (#streSerialNumber) = '41320'
15:11:10.577 DEBUG   iga.epic_steps.inland_marine kb_fill #streSerialNumber = '41320' OK
15:11:10.793 DEBUG   iga.epic_steps.inland_marine Sched #20: serial verified OK
15:11:10.793 DEBUG   iga.epic_steps.inland_marine Sched #20: filling manufacturer (#streManufacturer) = 'KOMATSU'
15:11:11.397 DEBUG   iga.epic_steps.inland_marine kb_fill #streManufacturer = 'KOMATSU' OK
15:11:11.615 DEBUG   iga.epic_steps.inland_marine Sched #20: manufacturer verified OK
15:11:11.615 DEBUG   iga.epic_steps.inland_marine Sched #20: filling model (#streModel) = 'D61PXI-24'
15:11:12.283 DEBUG   iga.epic_steps.inland_marine kb_fill #streModel = 'D61PXI-24' OK
15:11:12.500 DEBUG   iga.epic_steps.inland_marine Sched #20: model verified OK
15:11:12.500 DEBUG   iga.epic_steps.inland_marine Sched #20: year blank — skipping
15:11:12.500 DEBUG   iga.epic_steps.inland_marine Sched #20: filling amount (#streAmtInsurance__textField) = '348000'
15:11:13.067 DEBUG   iga.epic_steps.inland_marine kb_fill #streAmtInsurance__textField = '348000' OK
15:11:13.284 DEBUG   iga.epic_steps.inland_marine Sched #20: amount verified OK
15:11:13.597 DEBUG   iga.epic_steps.inland_marine Sched #20: row complete; expected_next=22
15:11:13.597 INFO    iga.epic_steps.inland_marine --- Row 21/48: desired item#=22, EPIC auto-fill will be 22, VOLVO | A35G | 2014 | Articulated Hauler | $160000
15:11:13.601 DEBUG   iga.epic_steps.inland_marine Sched #21: rows_before=20
15:11:14.780 DEBUG   iga.epic_steps.inland_marine Sched #21: row appeared (count 20 → 21)
15:11:15.784 DEBUG   iga.epic_steps.inland_marine Sched #21: EPIC auto-fill (22) matches desired — no typing
15:11:15.784 DEBUG   iga.epic_steps.inland_marine Sched #21: filling description (#streDescription) = 'Articulated Hauler'
15:11:16.725 DEBUG   iga.epic_steps.inland_marine kb_fill #streDescription = 'Articulated Hauler' OK
15:11:16.943 DEBUG   iga.epic_steps.inland_marine Sched #21: description verified OK
15:11:16.943 DEBUG   iga.epic_steps.inland_marine Sched #21: filling serial (#streSerialNumber) = '340050'
15:11:17.515 DEBUG   iga.epic_steps.inland_marine kb_fill #streSerialNumber = '340050' OK
15:11:17.730 DEBUG   iga.epic_steps.inland_marine Sched #21: serial verified OK
15:11:17.730 DEBUG   iga.epic_steps.inland_marine Sched #21: filling manufacturer (#streManufacturer) = 'VOLVO'
15:11:18.269 DEBUG   iga.epic_steps.inland_marine kb_fill #streManufacturer = 'VOLVO' OK
15:11:18.486 DEBUG   iga.epic_steps.inland_marine Sched #21: manufacturer verified OK
15:11:18.486 DEBUG   iga.epic_steps.inland_marine Sched #21: filling model (#streModel) = 'A35G'
15:11:18.991 DEBUG   iga.epic_steps.inland_marine kb_fill #streModel = 'A35G' OK
15:11:19.207 DEBUG   iga.epic_steps.inland_marine Sched #21: model verified OK
15:11:19.207 DEBUG   iga.epic_steps.inland_marine Sched #21: filling year (#inteModelYear__textField) = '2014'
15:11:19.694 DEBUG   iga.epic_steps.inland_marine kb_fill #inteModelYear__textField = '2014' OK
15:11:19.910 DEBUG   iga.epic_steps.inland_marine Sched #21: year verified OK
15:11:19.910 DEBUG   iga.epic_steps.inland_marine Sched #21: filling amount (#streAmtInsurance__textField) = '160000'
15:11:20.475 DEBUG   iga.epic_steps.inland_marine kb_fill #streAmtInsurance__textField = '160000' OK
15:11:20.696 DEBUG   iga.epic_steps.inland_marine Sched #21: amount verified OK
15:11:21.012 DEBUG   iga.epic_steps.inland_marine Sched #21: row complete; expected_next=23
15:11:21.012 INFO    iga.epic_steps.inland_marine --- Row 22/48: desired item#=23, EPIC auto-fill will be 23, KOMATSU | HM300-5 | 2019 | Articulated Dump Truck | $227824
15:11:21.016 DEBUG   iga.epic_steps.inland_marine Sched #22: rows_before=21
15:11:22.188 DEBUG   iga.epic_steps.inland_marine Sched #22: row appeared (count 21 → 22)
15:11:23.194 DEBUG   iga.epic_steps.inland_marine Sched #22: EPIC auto-fill (23) matches desired — no typing
15:11:23.194 DEBUG   iga.epic_steps.inland_marine Sched #22: filling description (#streDescription) = 'Articulated Dump Truck'
15:11:24.289 DEBUG   iga.epic_steps.inland_marine kb_fill #streDescription = 'Articulated Dump Truck' OK
15:11:24.505 DEBUG   iga.epic_steps.inland_marine Sched #22: description verified OK
15:11:24.506 DEBUG   iga.epic_steps.inland_marine Sched #22: filling serial (#streSerialNumber) = '10596'
15:11:25.045 DEBUG   iga.epic_steps.inland_marine kb_fill #streSerialNumber = '10596' OK
15:11:25.265 DEBUG   iga.epic_steps.inland_marine Sched #22: serial verified OK
15:11:25.265 DEBUG   iga.epic_steps.inland_marine Sched #22: filling manufacturer (#streManufacturer) = 'KOMATSU'
15:11:25.862 DEBUG   iga.epic_steps.inland_marine kb_fill #streManufacturer = 'KOMATSU' OK
15:11:26.078 DEBUG   iga.epic_steps.inland_marine Sched #22: manufacturer verified OK
15:11:26.078 DEBUG   iga.epic_steps.inland_marine Sched #22: filling model (#streModel) = 'HM300-5'
15:11:26.664 DEBUG   iga.epic_steps.inland_marine kb_fill #streModel = 'HM300-5' OK
15:11:26.880 DEBUG   iga.epic_steps.inland_marine Sched #22: model verified OK
15:11:26.880 DEBUG   iga.epic_steps.inland_marine Sched #22: filling year (#inteModelYear__textField) = '2019'
15:11:27.383 DEBUG   iga.epic_steps.inland_marine kb_fill #inteModelYear__textField = '2019' OK
15:11:27.598 DEBUG   iga.epic_steps.inland_marine Sched #22: year verified OK
15:11:27.598 DEBUG   iga.epic_steps.inland_marine Sched #22: filling amount (#streAmtInsurance__textField) = '227824'
15:11:28.164 DEBUG   iga.epic_steps.inland_marine kb_fill #streAmtInsurance__textField = '227824' OK
15:11:28.386 DEBUG   iga.epic_steps.inland_marine Sched #22: amount verified OK
15:11:28.689 DEBUG   iga.epic_steps.inland_marine Sched #22: row complete; expected_next=24
15:11:28.689 INFO    iga.epic_steps.inland_marine --- Row 23/48: desired item#=24, EPIC auto-fill will be 24, KOMATSU | - | 2022 | Hydraulic Excavator | $224750
15:11:28.694 DEBUG   iga.epic_steps.inland_marine Sched #23: rows_before=22
15:11:29.875 DEBUG   iga.epic_steps.inland_marine Sched #23: row appeared (count 22 → 23)
15:11:30.883 DEBUG   iga.epic_steps.inland_marine Sched #23: EPIC auto-fill (24) matches desired — no typing
15:11:30.883 DEBUG   iga.epic_steps.inland_marine Sched #23: filling description (#streDescription) = 'Hydraulic Excavator'
15:11:31.862 DEBUG   iga.epic_steps.inland_marine kb_fill #streDescription = 'Hydraulic Excavator' OK
15:11:32.076 DEBUG   iga.epic_steps.inland_marine Sched #23: description verified OK
15:11:32.076 DEBUG   iga.epic_steps.inland_marine Sched #23: filling serial (#streSerialNumber) = 'C81472'
15:11:32.640 DEBUG   iga.epic_steps.inland_marine kb_fill #streSerialNumber = 'C81472' OK
15:11:32.857 DEBUG   iga.epic_steps.inland_marine Sched #23: serial verified OK
15:11:32.857 DEBUG   iga.epic_steps.inland_marine Sched #23: filling manufacturer (#streManufacturer) = 'KOMATSU'
15:11:33.450 DEBUG   iga.epic_steps.inland_marine kb_fill #streManufacturer = 'KOMATSU' OK
15:11:33.667 DEBUG   iga.epic_steps.inland_marine Sched #23: manufacturer verified OK
15:11:33.667 DEBUG   iga.epic_steps.inland_marine Sched #23: model blank — skipping
15:11:33.668 DEBUG   iga.epic_steps.inland_marine Sched #23: filling year (#inteModelYear__textField) = '2022'
15:11:34.169 DEBUG   iga.epic_steps.inland_marine kb_fill #inteModelYear__textField = '2022' OK
15:11:34.387 DEBUG   iga.epic_steps.inland_marine Sched #23: year verified OK
15:11:34.387 DEBUG   iga.epic_steps.inland_marine Sched #23: filling amount (#streAmtInsurance__textField) = '224750'
15:11:34.952 DEBUG   iga.epic_steps.inland_marine kb_fill #streAmtInsurance__textField = '224750' OK
15:11:35.170 DEBUG   iga.epic_steps.inland_marine Sched #23: amount verified OK
15:11:35.472 DEBUG   iga.epic_steps.inland_marine Sched #23: row complete; expected_next=25
15:11:35.472 INFO    iga.epic_steps.inland_marine --- Row 24/48: desired item#=25, EPIC auto-fill will be 25, - | M415XT | 2021 | Maintainer | $150000
15:11:35.476 DEBUG   iga.epic_steps.inland_marine Sched #24: rows_before=23
15:11:37.780 DEBUG   iga.epic_steps.inland_marine Sched #24: row appeared (count 23 → 24)
15:11:38.791 DEBUG   iga.epic_steps.inland_marine Sched #24: EPIC auto-fill (25) matches desired — no typing
15:11:38.791 DEBUG   iga.epic_steps.inland_marine Sched #24: filling description (#streDescription) = 'Maintainer'
15:11:39.505 DEBUG   iga.epic_steps.inland_marine kb_fill #streDescription = 'Maintainer' OK
15:11:39.722 DEBUG   iga.epic_steps.inland_marine Sched #24: description verified OK
15:11:39.722 DEBUG   iga.epic_steps.inland_marine Sched #24: filling serial (#streSerialNumber) = '083-T-45MCX4Y4-04083'
15:11:40.707 DEBUG   iga.epic_steps.inland_marine kb_fill #streSerialNumber = '083-T-45MCX4Y4-04083' OK
15:11:40.923 INFO    iga.epic_steps.inland_marine Sched #24: serial — EPIC normalized '083-T-45MCX4Y4-04083' → '083-T-45MCX4Y4-04' (lenient, accepted)
15:11:40.923 DEBUG   iga.epic_steps.inland_marine Sched #24: manufacturer blank — skipping
15:11:40.923 DEBUG   iga.epic_steps.inland_marine Sched #24: filling model (#streModel) = 'M415XT'
15:11:41.487 DEBUG   iga.epic_steps.inland_marine kb_fill #streModel = 'M415XT' OK
15:11:41.704 DEBUG   iga.epic_steps.inland_marine Sched #24: model verified OK
15:11:41.705 DEBUG   iga.epic_steps.inland_marine Sched #24: filling year (#inteModelYear__textField) = '2021'
15:11:42.216 DEBUG   iga.epic_steps.inland_marine kb_fill #inteModelYear__textField = '2021' OK
15:11:42.436 DEBUG   iga.epic_steps.inland_marine Sched #24: year verified OK
15:11:42.436 DEBUG   iga.epic_steps.inland_marine Sched #24: filling amount (#streAmtInsurance__textField) = '150000'
15:11:43.002 DEBUG   iga.epic_steps.inland_marine kb_fill #streAmtInsurance__textField = '150000' OK
15:11:43.220 DEBUG   iga.epic_steps.inland_marine Sched #24: amount verified OK
15:11:43.523 DEBUG   iga.epic_steps.inland_marine Sched #24: row complete; expected_next=26
15:11:43.523 INFO    iga.epic_steps.inland_marine --- Row 25/48: desired item#=26, EPIC auto-fill will be 26, Scag | STTII-72V-37BV-EFI | 2021 | Mower | $15000
15:11:43.527 DEBUG   iga.epic_steps.inland_marine Sched #25: rows_before=24
15:11:44.753 DEBUG   iga.epic_steps.inland_marine Sched #25: row appeared (count 24 → 25)
15:11:45.767 DEBUG   iga.epic_steps.inland_marine Sched #25: EPIC auto-fill (26) matches desired — no typing
15:11:45.767 DEBUG   iga.epic_steps.inland_marine Sched #25: filling description (#streDescription) = 'Mower'
15:11:46.291 DEBUG   iga.epic_steps.inland_marine kb_fill #streDescription = 'Mower' OK
15:11:46.520 DEBUG   iga.epic_steps.inland_marine Sched #25: description verified OK
15:11:46.520 DEBUG   iga.epic_steps.inland_marine Sched #25: filling serial (#streSerialNumber) = 'R1400606'
15:11:47.138 DEBUG   iga.epic_steps.inland_marine kb_fill #streSerialNumber = 'R1400606' OK
15:11:47.353 DEBUG   iga.epic_steps.inland_marine Sched #25: serial verified OK
15:11:47.353 DEBUG   iga.epic_steps.inland_marine Sched #25: filling manufacturer (#streManufacturer) = 'Scag'
15:11:47.857 DEBUG   iga.epic_steps.inland_marine kb_fill #streManufacturer = 'Scag' OK
15:11:48.071 DEBUG   iga.epic_steps.inland_marine Sched #25: manufacturer verified OK
15:11:48.071 DEBUG   iga.epic_steps.inland_marine Sched #25: filling model (#streModel) = 'STTII-72V-37BV-EFI'
15:11:49.016 DEBUG   iga.epic_steps.inland_marine kb_fill #streModel = 'STTII-72V-37BV-EFI' OK
15:11:49.231 DEBUG   iga.epic_steps.inland_marine Sched #25: model verified OK
15:11:49.231 DEBUG   iga.epic_steps.inland_marine Sched #25: filling year (#inteModelYear__textField) = '2021'
15:11:49.734 DEBUG   iga.epic_steps.inland_marine kb_fill #inteModelYear__textField = '2021' OK
15:11:49.950 DEBUG   iga.epic_steps.inland_marine Sched #25: year verified OK
15:11:49.950 DEBUG   iga.epic_steps.inland_marine Sched #25: filling amount (#streAmtInsurance__textField) = '15000'
15:11:50.483 DEBUG   iga.epic_steps.inland_marine kb_fill #streAmtInsurance__textField = '15000' OK
15:11:50.706 DEBUG   iga.epic_steps.inland_marine Sched #25: amount verified OK
15:11:51.013 DEBUG   iga.epic_steps.inland_marine Sched #25: row complete; expected_next=27
15:11:51.013 INFO    iga.epic_steps.inland_marine --- Row 26/48: desired item#=12, EPIC auto-fill will be 27, Takeuchi | TB290CL | 2022 | Compact Excavator | $160419
15:11:51.018 DEBUG   iga.epic_steps.inland_marine Sched #26: rows_before=25
15:11:52.209 DEBUG   iga.epic_steps.inland_marine Sched #26: row appeared (count 25 → 26)
15:11:53.213 INFO    iga.epic_steps.inland_marine Sched #26: GAP — EPIC would auto-fill 27, we want 12. Overriding.
15:11:53.667 DEBUG   iga.epic_steps.inland_marine kb_fill #inteItemNumber__textField = '12' OK
15:11:53.882 DEBUG   iga.epic_steps.inland_marine Sched #26: item# override verified
15:11:53.882 DEBUG   iga.epic_steps.inland_marine Sched #26: filling description (#streDescription) = 'Compact Excavator'
15:11:54.809 DEBUG   iga.epic_steps.inland_marine kb_fill #streDescription = 'Compact Excavator' OK
15:11:55.025 DEBUG   iga.epic_steps.inland_marine Sched #26: description verified OK
15:11:55.025 DEBUG   iga.epic_steps.inland_marine Sched #26: filling serial (#streSerialNumber) = '185108847'
15:11:55.666 DEBUG   iga.epic_steps.inland_marine kb_fill #streSerialNumber = '185108847' OK
15:11:55.882 DEBUG   iga.epic_steps.inland_marine Sched #26: serial verified OK
15:11:55.882 DEBUG   iga.epic_steps.inland_marine Sched #26: filling manufacturer (#streManufacturer) = 'Takeuchi'
15:11:56.512 DEBUG   iga.epic_steps.inland_marine kb_fill #streManufacturer = 'Takeuchi' OK
15:11:56.729 DEBUG   iga.epic_steps.inland_marine Sched #26: manufacturer verified OK
15:11:56.729 DEBUG   iga.epic_steps.inland_marine Sched #26: filling model (#streModel) = 'TB290CL'
15:11:57.327 DEBUG   iga.epic_steps.inland_marine kb_fill #streModel = 'TB290CL' OK
15:11:57.554 DEBUG   iga.epic_steps.inland_marine Sched #26: model verified OK
15:11:57.554 DEBUG   iga.epic_steps.inland_marine Sched #26: filling year (#inteModelYear__textField) = '2022'
15:11:58.042 DEBUG   iga.epic_steps.inland_marine kb_fill #inteModelYear__textField = '2022' OK
15:11:58.258 DEBUG   iga.epic_steps.inland_marine Sched #26: year verified OK
15:11:58.259 DEBUG   iga.epic_steps.inland_marine Sched #26: filling amount (#streAmtInsurance__textField) = '160419'
15:11:58.823 DEBUG   iga.epic_steps.inland_marine kb_fill #streAmtInsurance__textField = '160419' OK
15:11:59.041 DEBUG   iga.epic_steps.inland_marine Sched #26: amount verified OK
15:11:59.343 DEBUG   iga.epic_steps.inland_marine Sched #26: row complete; expected_next=13
15:11:59.343 INFO    iga.epic_steps.inland_marine --- Row 27/48: desired item#=28, EPIC auto-fill will be 13, Komatsu | PC210LC-11 | 2022 | Excavator with Rockland 48" Bucket, Rock | $242907
15:11:59.347 DEBUG   iga.epic_steps.inland_marine Sched #27: rows_before=26
15:12:00.529 DEBUG   iga.epic_steps.inland_marine Sched #27: row appeared (count 26 → 27)
15:12:01.544 INFO    iga.epic_steps.inland_marine Sched #27: GAP — EPIC would auto-fill 13, we want 28. Overriding.
15:12:01.982 DEBUG   iga.epic_steps.inland_marine kb_fill #inteItemNumber__textField = '28' OK
15:12:02.210 DEBUG   iga.epic_steps.inland_marine Sched #27: item# override verified
15:12:02.210 DEBUG   iga.epic_steps.inland_marine Sched #27: filling description (#streDescription) = 'Excavator with Rockland 48" Bucket, Rockland Thumb, and Rockland Coupler'
15:12:04.889 DEBUG   iga.epic_steps.inland_marine kb_fill #streDescription = 'Excavator with Rockland 48" Bucket, Rockland Thumb, and Rockland Coupler' OK
15:12:05.107 INFO    iga.epic_steps.inland_marine Sched #27: description — EPIC normalized 'Excavator with Rockland 48" Bucket, Rockland Thumb, and Rockland Coupler' → 'Excavator with Rockland 48" Bucket, Rock' (lenient, accepted)
15:12:05.107 DEBUG   iga.epic_steps.inland_marine Sched #27: filling serial (#streSerialNumber) = 'A13785, 237880, 237900, 115793H'
15:12:06.436 DEBUG   iga.epic_steps.inland_marine kb_fill #streSerialNumber = 'A13785, 237880, 237900, 115793H' OK
15:12:06.651 INFO    iga.epic_steps.inland_marine Sched #27: serial — EPIC normalized 'A13785, 237880, 237900, 115793H' → 'A13785, 237880, 2' (lenient, accepted)
15:12:06.651 DEBUG   iga.epic_steps.inland_marine Sched #27: filling manufacturer (#streManufacturer) = 'Komatsu'
15:12:07.248 DEBUG   iga.epic_steps.inland_marine kb_fill #streManufacturer = 'Komatsu' OK
15:12:07.465 DEBUG   iga.epic_steps.inland_marine Sched #27: manufacturer verified OK
15:12:07.466 DEBUG   iga.epic_steps.inland_marine Sched #27: filling model (#streModel) = 'PC210LC-11'
15:12:08.162 DEBUG   iga.epic_steps.inland_marine kb_fill #streModel = 'PC210LC-11' OK
15:12:08.392 DEBUG   iga.epic_steps.inland_marine Sched #27: model verified OK
15:12:08.392 DEBUG   iga.epic_steps.inland_marine Sched #27: filling year (#inteModelYear__textField) = '2022'
15:12:08.880 DEBUG   iga.epic_steps.inland_marine kb_fill #inteModelYear__textField = '2022' OK
15:12:09.108 DEBUG   iga.epic_steps.inland_marine Sched #27: year verified OK
15:12:09.108 DEBUG   iga.epic_steps.inland_marine Sched #27: filling amount (#streAmtInsurance__textField) = '242907'
15:12:09.675 DEBUG   iga.epic_steps.inland_marine kb_fill #streAmtInsurance__textField = '242907' OK
15:12:09.894 DEBUG   iga.epic_steps.inland_marine Sched #27: amount verified OK
15:12:10.195 DEBUG   iga.epic_steps.inland_marine Sched #27: row complete; expected_next=29
15:12:10.195 INFO    iga.epic_steps.inland_marine --- Row 28/48: desired item#=29, EPIC auto-fill will be 29, Takeuchi | TB290CL | 2022 | Compact Excavator | $120284
15:12:10.200 DEBUG   iga.epic_steps.inland_marine Sched #28: rows_before=27
15:12:11.387 DEBUG   iga.epic_steps.inland_marine Sched #28: row appeared (count 27 → 28)
15:12:12.391 DEBUG   iga.epic_steps.inland_marine Sched #28: EPIC auto-fill (29) matches desired — no typing
15:12:12.391 DEBUG   iga.epic_steps.inland_marine Sched #28: filling description (#streDescription) = 'Compact Excavator'
15:12:13.296 DEBUG   iga.epic_steps.inland_marine kb_fill #streDescription = 'Compact Excavator' OK
15:12:13.511 DEBUG   iga.epic_steps.inland_marine Sched #28: description verified OK
15:12:13.511 DEBUG   iga.epic_steps.inland_marine Sched #28: filling serial (#streSerialNumber) = '185108923'
15:12:14.162 DEBUG   iga.epic_steps.inland_marine kb_fill #streSerialNumber = '185108923' OK
15:12:14.377 DEBUG   iga.epic_steps.inland_marine Sched #28: serial verified OK
15:12:14.377 DEBUG   iga.epic_steps.inland_marine Sched #28: filling manufacturer (#streManufacturer) = 'Takeuchi'
15:12:15.011 DEBUG   iga.epic_steps.inland_marine kb_fill #streManufacturer = 'Takeuchi' OK
15:12:15.229 DEBUG   iga.epic_steps.inland_marine Sched #28: manufacturer verified OK
15:12:15.229 DEBUG   iga.epic_steps.inland_marine Sched #28: filling model (#streModel) = 'TB290CL'
15:12:15.814 DEBUG   iga.epic_steps.inland_marine kb_fill #streModel = 'TB290CL' OK
15:12:16.030 DEBUG   iga.epic_steps.inland_marine Sched #28: model verified OK
15:12:16.030 DEBUG   iga.epic_steps.inland_marine Sched #28: filling year (#inteModelYear__textField) = '2022'
15:12:16.549 DEBUG   iga.epic_steps.inland_marine kb_fill #inteModelYear__textField = '2022' OK
15:12:16.768 DEBUG   iga.epic_steps.inland_marine Sched #28: year verified OK
15:12:16.769 DEBUG   iga.epic_steps.inland_marine Sched #28: filling amount (#streAmtInsurance__textField) = '120284'
15:12:17.333 DEBUG   iga.epic_steps.inland_marine kb_fill #streAmtInsurance__textField = '120284' OK
15:12:17.550 DEBUG   iga.epic_steps.inland_marine Sched #28: amount verified OK
15:12:17.865 DEBUG   iga.epic_steps.inland_marine Sched #28: row complete; expected_next=30
15:12:17.866 INFO    iga.epic_steps.inland_marine --- Row 29/48: desired item#=27, EPIC auto-fill will be 30, HAMM | H13i-C | 2023 | Roller | $136130
15:12:17.870 DEBUG   iga.epic_steps.inland_marine Sched #29: rows_before=28
15:12:19.051 DEBUG   iga.epic_steps.inland_marine Sched #29: row appeared (count 28 → 29)
15:12:20.057 INFO    iga.epic_steps.inland_marine Sched #29: GAP — EPIC would auto-fill 30, we want 27. Overriding.
15:12:20.496 DEBUG   iga.epic_steps.inland_marine kb_fill #inteItemNumber__textField = '27' OK
15:12:20.715 DEBUG   iga.epic_steps.inland_marine Sched #29: item# override verified
15:12:20.715 DEBUG   iga.epic_steps.inland_marine Sched #29: filling description (#streDescription) = 'Roller'
15:12:21.286 DEBUG   iga.epic_steps.inland_marine kb_fill #streDescription = 'Roller' OK
15:12:21.502 DEBUG   iga.epic_steps.inland_marine Sched #29: description verified OK
15:12:21.502 DEBUG   iga.epic_steps.inland_marine Sched #29: filling serial (#streSerialNumber) = 'H267.00404'
15:12:22.184 DEBUG   iga.epic_steps.inland_marine kb_fill #streSerialNumber = 'H267.00404' OK
15:12:22.404 DEBUG   iga.epic_steps.inland_marine Sched #29: serial verified OK
15:12:22.404 DEBUG   iga.epic_steps.inland_marine Sched #29: filling manufacturer (#streManufacturer) = 'HAMM'
15:12:22.904 DEBUG   iga.epic_steps.inland_marine kb_fill #streManufacturer = 'HAMM' OK
15:12:23.120 DEBUG   iga.epic_steps.inland_marine Sched #29: manufacturer verified OK
15:12:23.120 DEBUG   iga.epic_steps.inland_marine Sched #29: filling model (#streModel) = 'H13i-C'
15:12:23.670 DEBUG   iga.epic_steps.inland_marine kb_fill #streModel = 'H13i-C' OK
15:12:23.884 DEBUG   iga.epic_steps.inland_marine Sched #29: model verified OK
15:12:23.884 DEBUG   iga.epic_steps.inland_marine Sched #29: filling year (#inteModelYear__textField) = '2023'
15:12:24.375 DEBUG   iga.epic_steps.inland_marine kb_fill #inteModelYear__textField = '2023' OK
15:12:24.593 DEBUG   iga.epic_steps.inland_marine Sched #29: year verified OK
15:12:24.593 DEBUG   iga.epic_steps.inland_marine Sched #29: filling amount (#streAmtInsurance__textField) = '136130'
15:12:25.163 DEBUG   iga.epic_steps.inland_marine kb_fill #streAmtInsurance__textField = '136130' OK
15:12:25.388 DEBUG   iga.epic_steps.inland_marine Sched #29: amount verified OK
15:12:25.698 DEBUG   iga.epic_steps.inland_marine Sched #29: row complete; expected_next=28
15:12:25.698 INFO    iga.epic_steps.inland_marine --- Row 30/48: desired item#=30, EPIC auto-fill will be 28, HAMM | H7i | 2022 | Roller | $110000
15:12:25.702 DEBUG   iga.epic_steps.inland_marine Sched #30: rows_before=29
15:12:26.892 DEBUG   iga.epic_steps.inland_marine Sched #30: row appeared (count 29 → 30)
15:12:27.897 INFO    iga.epic_steps.inland_marine Sched #30: GAP — EPIC would auto-fill 28, we want 30. Overriding.
15:12:28.371 DEBUG   iga.epic_steps.inland_marine kb_fill #inteItemNumber__textField = '30' OK
15:12:28.588 DEBUG   iga.epic_steps.inland_marine Sched #30: item# override verified
15:12:28.588 DEBUG   iga.epic_steps.inland_marine Sched #30: filling description (#streDescription) = 'Roller'
15:12:29.149 DEBUG   iga.epic_steps.inland_marine kb_fill #streDescription = 'Roller' OK
15:12:29.368 DEBUG   iga.epic_steps.inland_marine Sched #30: description verified OK
15:12:29.368 DEBUG   iga.epic_steps.inland_marine Sched #30: filling serial (#streSerialNumber) = 'B57642'
15:12:29.915 DEBUG   iga.epic_steps.inland_marine kb_fill #streSerialNumber = 'B57642' OK
15:12:30.131 DEBUG   iga.epic_steps.inland_marine Sched #30: serial verified OK
15:12:30.131 DEBUG   iga.epic_steps.inland_marine Sched #30: filling manufacturer (#streManufacturer) = 'HAMM'
15:12:30.634 DEBUG   iga.epic_steps.inland_marine kb_fill #streManufacturer = 'HAMM' OK
15:12:30.851 DEBUG   iga.epic_steps.inland_marine Sched #30: manufacturer verified OK
15:12:30.851 DEBUG   iga.epic_steps.inland_marine Sched #30: filling model (#streModel) = 'H7i'
15:12:31.310 DEBUG   iga.epic_steps.inland_marine kb_fill #streModel = 'H7i' OK
15:12:31.527 DEBUG   iga.epic_steps.inland_marine Sched #30: model verified OK
15:12:31.527 DEBUG   iga.epic_steps.inland_marine Sched #30: filling year (#inteModelYear__textField) = '2022'
15:12:32.030 DEBUG   iga.epic_steps.inland_marine kb_fill #inteModelYear__textField = '2022' OK
15:12:32.259 DEBUG   iga.epic_steps.inland_marine Sched #30: year verified OK
15:12:32.259 DEBUG   iga.epic_steps.inland_marine Sched #30: filling amount (#streAmtInsurance__textField) = '110000'
15:12:32.816 DEBUG   iga.epic_steps.inland_marine kb_fill #streAmtInsurance__textField = '110000' OK
15:12:33.037 DEBUG   iga.epic_steps.inland_marine Sched #30: amount verified OK
15:12:33.344 DEBUG   iga.epic_steps.inland_marine Sched #30: row complete; expected_next=31
15:12:33.344 INFO    iga.epic_steps.inland_marine --- Row 31/48: desired item#=31, EPIC auto-fill will be 31, Komatsu | D51PXi-24 | 2024 | Crawler Dozer | $317316
15:12:33.348 DEBUG   iga.epic_steps.inland_marine Sched #31: rows_before=30
15:12:34.535 DEBUG   iga.epic_steps.inland_marine Sched #31: row appeared (count 30 → 31)
15:12:35.546 DEBUG   iga.epic_steps.inland_marine Sched #31: EPIC auto-fill (31) matches desired — no typing
15:12:35.546 DEBUG   iga.epic_steps.inland_marine Sched #31: filling description (#streDescription) = 'Crawler Dozer'
15:12:36.330 DEBUG   iga.epic_steps.inland_marine kb_fill #streDescription = 'Crawler Dozer' OK
15:12:36.558 DEBUG   iga.epic_steps.inland_marine Sched #31: description verified OK
15:12:36.558 DEBUG   iga.epic_steps.inland_marine Sched #31: filling serial (#streSerialNumber) = '16540'
15:12:37.091 DEBUG   iga.epic_steps.inland_marine kb_fill #streSerialNumber = '16540' OK
15:12:37.308 DEBUG   iga.epic_steps.inland_marine Sched #31: serial verified OK
15:12:37.308 DEBUG   iga.epic_steps.inland_marine Sched #31: filling manufacturer (#streManufacturer) = 'Komatsu'
15:12:37.910 DEBUG   iga.epic_steps.inland_marine kb_fill #streManufacturer = 'Komatsu' OK
15:12:38.129 DEBUG   iga.epic_steps.inland_marine Sched #31: manufacturer verified OK
15:12:38.129 DEBUG   iga.epic_steps.inland_marine Sched #31: filling model (#streModel) = 'D51PXi-24'
15:12:38.776 DEBUG   iga.epic_steps.inland_marine kb_fill #streModel = 'D51PXi-24' OK
15:12:38.995 DEBUG   iga.epic_steps.inland_marine Sched #31: model verified OK
15:12:38.995 DEBUG   iga.epic_steps.inland_marine Sched #31: filling year (#inteModelYear__textField) = '2024'
15:12:39.501 DEBUG   iga.epic_steps.inland_marine kb_fill #inteModelYear__textField = '2024' OK
15:12:39.719 DEBUG   iga.epic_steps.inland_marine Sched #31: year verified OK
15:12:39.719 DEBUG   iga.epic_steps.inland_marine Sched #31: filling amount (#streAmtInsurance__textField) = '317316'
15:12:40.288 DEBUG   iga.epic_steps.inland_marine kb_fill #streAmtInsurance__textField = '317316' OK
15:12:40.505 DEBUG   iga.epic_steps.inland_marine Sched #31: amount verified OK
15:12:40.808 DEBUG   iga.epic_steps.inland_marine Sched #31: row complete; expected_next=32
15:12:40.808 INFO    iga.epic_steps.inland_marine --- Row 32/48: desired item#=32, EPIC auto-fill will be 32, Doosan | D30S9-EX20 | 2023 | Forklift | $40000
15:12:40.812 DEBUG   iga.epic_steps.inland_marine Sched #32: rows_before=31
15:12:42.003 DEBUG   iga.epic_steps.inland_marine Sched #32: row appeared (count 31 → 32)
15:12:43.018 DEBUG   iga.epic_steps.inland_marine Sched #32: EPIC auto-fill (32) matches desired — no typing
15:12:43.018 DEBUG   iga.epic_steps.inland_marine Sched #32: filling description (#streDescription) = 'Forklift'
15:12:43.646 DEBUG   iga.epic_steps.inland_marine kb_fill #streDescription = 'Forklift' OK
15:12:43.864 DEBUG   iga.epic_steps.inland_marine Sched #32: description verified OK
15:12:43.864 DEBUG   iga.epic_steps.inland_marine Sched #32: filling serial (#streSerialNumber) = 'FDA2C-5052-01949'
15:12:44.738 DEBUG   iga.epic_steps.inland_marine kb_fill #streSerialNumber = 'FDA2C-5052-01949' OK
15:12:44.957 DEBUG   iga.epic_steps.inland_marine Sched #32: serial verified OK
15:12:44.957 DEBUG   iga.epic_steps.inland_marine Sched #32: filling manufacturer (#streManufacturer) = 'Doosan'
15:12:45.530 DEBUG   iga.epic_steps.inland_marine kb_fill #streManufacturer = 'Doosan' OK
15:12:45.766 DEBUG   iga.epic_steps.inland_marine Sched #32: manufacturer verified OK
15:12:45.766 DEBUG   iga.epic_steps.inland_marine Sched #32: filling model (#streModel) = 'D30S9-EX20'
15:12:46.451 DEBUG   iga.epic_steps.inland_marine kb_fill #streModel = 'D30S9-EX20' OK
15:12:46.671 DEBUG   iga.epic_steps.inland_marine Sched #32: model verified OK
15:12:46.671 DEBUG   iga.epic_steps.inland_marine Sched #32: filling year (#inteModelYear__textField) = '2023'
15:12:47.180 DEBUG   iga.epic_steps.inland_marine kb_fill #inteModelYear__textField = '2023' OK
15:12:47.396 DEBUG   iga.epic_steps.inland_marine Sched #32: year verified OK
15:12:47.396 DEBUG   iga.epic_steps.inland_marine Sched #32: filling amount (#streAmtInsurance__textField) = '40000'
15:12:47.940 DEBUG   iga.epic_steps.inland_marine kb_fill #streAmtInsurance__textField = '40000' OK
15:12:48.156 DEBUG   iga.epic_steps.inland_marine Sched #32: amount verified OK
15:12:48.463 DEBUG   iga.epic_steps.inland_marine Sched #32: row complete; expected_next=33
15:12:48.463 INFO    iga.epic_steps.inland_marine --- Row 33/48: desired item#=34, EPIC auto-fill will be 33, TAKEUCHI | TL12V2-CRH | 2024 | Track Loader with 80" Smooth Bucket w/ B | $95746
15:12:48.467 DEBUG   iga.epic_steps.inland_marine Sched #33: rows_before=32
15:12:49.660 DEBUG   iga.epic_steps.inland_marine Sched #33: row appeared (count 32 → 33)
15:12:50.677 INFO    iga.epic_steps.inland_marine Sched #33: GAP — EPIC would auto-fill 33, we want 34. Overriding.
15:12:51.118 DEBUG   iga.epic_steps.inland_marine kb_fill #inteItemNumber__textField = '34' OK
15:12:51.337 DEBUG   iga.epic_steps.inland_marine Sched #33: item# override verified
15:12:51.338 DEBUG   iga.epic_steps.inland_marine Sched #33: filling description (#streDescription) = 'Track Loader with 80" Smooth Bucket w/ Boce'
15:12:53.091 DEBUG   iga.epic_steps.inland_marine kb_fill #streDescription = 'Track Loader with 80" Smooth Bucket w/ Boce' OK
15:12:53.308 INFO    iga.epic_steps.inland_marine Sched #33: description — EPIC normalized 'Track Loader with 80" Smooth Bucket w/ Boce' → 'Track Loader with 80" Smooth Bucket w/ B' (lenient, accepted)
15:12:53.308 DEBUG   iga.epic_steps.inland_marine Sched #33: filling serial (#streSerialNumber) = '412007787, 3004455'
15:12:54.243 DEBUG   iga.epic_steps.inland_marine kb_fill #streSerialNumber = '412007787, 3004455' OK
15:12:54.459 INFO    iga.epic_steps.inland_marine Sched #33: serial — EPIC normalized '412007787, 3004455' → '412007787, 300445' (lenient, accepted)
15:12:54.459 DEBUG   iga.epic_steps.inland_marine Sched #33: filling manufacturer (#streManufacturer) = 'TAKEUCHI'
15:12:55.084 DEBUG   iga.epic_steps.inland_marine kb_fill #streManufacturer = 'TAKEUCHI' OK
15:12:55.301 DEBUG   iga.epic_steps.inland_marine Sched #33: manufacturer verified OK
15:12:55.301 DEBUG   iga.epic_steps.inland_marine Sched #33: filling model (#streModel) = 'TL12V2-CRH'
15:12:55.997 DEBUG   iga.epic_steps.inland_marine kb_fill #streModel = 'TL12V2-CRH' OK
15:12:56.213 DEBUG   iga.epic_steps.inland_marine Sched #33: model verified OK
15:12:56.213 DEBUG   iga.epic_steps.inland_marine Sched #33: filling year (#inteModelYear__textField) = '2024'
15:12:56.750 DEBUG   iga.epic_steps.inland_marine kb_fill #inteModelYear__textField = '2024' OK
15:12:56.973 DEBUG   iga.epic_steps.inland_marine Sched #33: year verified OK
15:12:56.973 DEBUG   iga.epic_steps.inland_marine Sched #33: filling amount (#streAmtInsurance__textField) = '95746'
15:12:57.519 DEBUG   iga.epic_steps.inland_marine kb_fill #streAmtInsurance__textField = '95746' OK
15:12:57.735 DEBUG   iga.epic_steps.inland_marine Sched #33: amount verified OK
15:12:58.039 DEBUG   iga.epic_steps.inland_marine Sched #33: row complete; expected_next=35
15:12:58.040 INFO    iga.epic_steps.inland_marine --- Row 34/48: desired item#=33, EPIC auto-fill will be 35, Massey Ferguson | 4707 | 2020 | Tractor | $50000
15:12:58.044 DEBUG   iga.epic_steps.inland_marine Sched #34: rows_before=33
15:12:59.233 DEBUG   iga.epic_steps.inland_marine Sched #34: row appeared (count 33 → 34)
15:13:00.245 INFO    iga.epic_steps.inland_marine Sched #34: GAP — EPIC would auto-fill 35, we want 33. Overriding.
15:13:00.685 DEBUG   iga.epic_steps.inland_marine kb_fill #inteItemNumber__textField = '33' OK
15:13:00.900 DEBUG   iga.epic_steps.inland_marine Sched #34: item# override verified
15:13:00.901 DEBUG   iga.epic_steps.inland_marine Sched #34: filling description (#streDescription) = 'Tractor'
15:13:01.514 DEBUG   iga.epic_steps.inland_marine kb_fill #streDescription = 'Tractor' OK
15:13:01.731 DEBUG   iga.epic_steps.inland_marine Sched #34: description verified OK
15:13:01.732 DEBUG   iga.epic_steps.inland_marine Sched #34: filling serial (#streSerialNumber) = 'AGCMC040KLC001037'
15:13:02.646 DEBUG   iga.epic_steps.inland_marine kb_fill #streSerialNumber = 'AGCMC040KLC001037' OK
15:13:02.864 DEBUG   iga.epic_steps.inland_marine Sched #34: serial verified OK
15:13:02.864 DEBUG   iga.epic_steps.inland_marine Sched #34: filling manufacturer (#streManufacturer) = 'Massey Ferguson'
15:13:03.711 DEBUG   iga.epic_steps.inland_marine kb_fill #streManufacturer = 'Massey Ferguson' OK
15:13:03.928 DEBUG   iga.epic_steps.inland_marine Sched #34: manufacturer verified OK
15:13:03.929 DEBUG   iga.epic_steps.inland_marine Sched #34: filling model (#streModel) = '4707'
15:13:04.417 DEBUG   iga.epic_steps.inland_marine kb_fill #streModel = '4707' OK
15:13:04.634 DEBUG   iga.epic_steps.inland_marine Sched #34: model verified OK
15:13:04.634 DEBUG   iga.epic_steps.inland_marine Sched #34: filling year (#inteModelYear__textField) = '2020'
15:13:05.130 DEBUG   iga.epic_steps.inland_marine kb_fill #inteModelYear__textField = '2020' OK
15:13:05.346 DEBUG   iga.epic_steps.inland_marine Sched #34: year verified OK
15:13:05.346 DEBUG   iga.epic_steps.inland_marine Sched #34: filling amount (#streAmtInsurance__textField) = '50000'
15:13:05.893 DEBUG   iga.epic_steps.inland_marine kb_fill #streAmtInsurance__textField = '50000' OK
15:13:06.111 DEBUG   iga.epic_steps.inland_marine Sched #34: amount verified OK
15:13:06.426 DEBUG   iga.epic_steps.inland_marine Sched #34: row complete; expected_next=34
15:13:06.427 INFO    iga.epic_steps.inland_marine --- Row 35/48: desired item#=36, EPIC auto-fill will be 34, John Deere | 9420 | 2005 | Tractor | $125000
15:13:06.431 DEBUG   iga.epic_steps.inland_marine Sched #35: rows_before=34
15:13:07.617 DEBUG   iga.epic_steps.inland_marine Sched #35: row appeared (count 34 → 35)
15:13:08.630 INFO    iga.epic_steps.inland_marine Sched #35: GAP — EPIC would auto-fill 34, we want 36. Overriding.
15:13:09.080 DEBUG   iga.epic_steps.inland_marine kb_fill #inteItemNumber__textField = '36' OK
15:13:09.300 DEBUG   iga.epic_steps.inland_marine Sched #35: item# override verified
15:13:09.300 DEBUG   iga.epic_steps.inland_marine Sched #35: filling description (#streDescription) = 'Tractor'
15:13:09.884 DEBUG   iga.epic_steps.inland_marine kb_fill #streDescription = 'Tractor' OK
15:13:10.100 DEBUG   iga.epic_steps.inland_marine Sched #35: description verified OK
15:13:10.100 DEBUG   iga.epic_steps.inland_marine Sched #35: filling serial (#streSerialNumber) = 'RW9420E030366'
15:13:10.887 DEBUG   iga.epic_steps.inland_marine kb_fill #streSerialNumber = 'RW9420E030366' OK
15:13:11.106 DEBUG   iga.epic_steps.inland_marine Sched #35: serial verified OK
15:13:11.106 DEBUG   iga.epic_steps.inland_marine Sched #35: filling manufacturer (#streManufacturer) = 'John Deere'
15:13:11.801 DEBUG   iga.epic_steps.inland_marine kb_fill #streManufacturer = 'John Deere' OK
15:13:12.016 DEBUG   iga.epic_steps.inland_marine Sched #35: manufacturer verified OK
15:13:12.016 DEBUG   iga.epic_steps.inland_marine Sched #35: filling model (#streModel) = '9420'
15:13:12.504 DEBUG   iga.epic_steps.inland_marine kb_fill #streModel = '9420' OK
15:13:12.720 DEBUG   iga.epic_steps.inland_marine Sched #35: model verified OK
15:13:12.720 DEBUG   iga.epic_steps.inland_marine Sched #35: filling year (#inteModelYear__textField) = '2005'
15:13:13.225 DEBUG   iga.epic_steps.inland_marine kb_fill #inteModelYear__textField = '2005' OK
15:13:13.440 DEBUG   iga.epic_steps.inland_marine Sched #35: year verified OK
15:13:13.440 DEBUG   iga.epic_steps.inland_marine Sched #35: filling amount (#streAmtInsurance__textField) = '125000'
15:13:14.006 DEBUG   iga.epic_steps.inland_marine kb_fill #streAmtInsurance__textField = '125000' OK
15:13:14.220 DEBUG   iga.epic_steps.inland_marine Sched #35: amount verified OK
15:13:14.521 DEBUG   iga.epic_steps.inland_marine Sched #35: row complete; expected_next=37
15:13:14.522 INFO    iga.epic_steps.inland_marine --- Row 36/48: desired item#=37, EPIC auto-fill will be 37, John Deere | 1814 | 2005 | Dirt Pan | $35000
15:13:14.526 DEBUG   iga.epic_steps.inland_marine Sched #36: rows_before=35
15:13:15.713 DEBUG   iga.epic_steps.inland_marine Sched #36: row appeared (count 35 → 36)
15:13:16.722 DEBUG   iga.epic_steps.inland_marine Sched #36: EPIC auto-fill (37) matches desired — no typing
15:13:16.722 DEBUG   iga.epic_steps.inland_marine Sched #36: filling description (#streDescription) = 'Dirt Pan'
15:13:17.363 DEBUG   iga.epic_steps.inland_marine kb_fill #streDescription = 'Dirt Pan' OK
15:13:17.577 DEBUG   iga.epic_steps.inland_marine Sched #36: description verified OK
15:13:17.578 DEBUG   iga.epic_steps.inland_marine Sched #36: filling serial (#streSerialNumber) = 'T81814C001150'
15:13:18.369 DEBUG   iga.epic_steps.inland_marine kb_fill #streSerialNumber = 'T81814C001150' OK
15:13:18.588 DEBUG   iga.epic_steps.inland_marine Sched #36: serial verified OK
15:13:18.588 DEBUG   iga.epic_steps.inland_marine Sched #36: filling manufacturer (#streManufacturer) = 'John Deere'
15:13:19.281 DEBUG   iga.epic_steps.inland_marine kb_fill #streManufacturer = 'John Deere' OK
15:13:19.495 DEBUG   iga.epic_steps.inland_marine Sched #36: manufacturer verified OK
15:13:19.495 DEBUG   iga.epic_steps.inland_marine Sched #36: filling model (#streModel) = '1814'
15:13:19.984 DEBUG   iga.epic_steps.inland_marine kb_fill #streModel = '1814' OK
15:13:20.200 DEBUG   iga.epic_steps.inland_marine Sched #36: model verified OK
15:13:20.200 DEBUG   iga.epic_steps.inland_marine Sched #36: filling year (#inteModelYear__textField) = '2005'
15:13:20.705 DEBUG   iga.epic_steps.inland_marine kb_fill #inteModelYear__textField = '2005' OK
15:13:20.923 DEBUG   iga.epic_steps.inland_marine Sched #36: year verified OK
15:13:20.923 DEBUG   iga.epic_steps.inland_marine Sched #36: filling amount (#streAmtInsurance__textField) = '35000'
15:13:21.462 DEBUG   iga.epic_steps.inland_marine kb_fill #streAmtInsurance__textField = '35000' OK
15:13:21.679 DEBUG   iga.epic_steps.inland_marine Sched #36: amount verified OK
15:13:21.996 DEBUG   iga.epic_steps.inland_marine Sched #36: row complete; expected_next=38
15:13:21.996 INFO    iga.epic_steps.inland_marine --- Row 37/48: desired item#=38, EPIC auto-fill will be 38, Genesis | GDT290 | 2024 | Excavator with HKX Hyd Kit | $133725
15:13:22.000 DEBUG   iga.epic_steps.inland_marine Sched #37: rows_before=36
15:13:23.174 DEBUG   iga.epic_steps.inland_marine Sched #37: row appeared (count 36 → 37)
15:13:24.187 DEBUG   iga.epic_steps.inland_marine Sched #37: EPIC auto-fill (38) matches desired — no typing
15:13:24.187 DEBUG   iga.epic_steps.inland_marine Sched #37: filling description (#streDescription) = 'Excavator with HKX Hyd Kit'
15:13:25.388 DEBUG   iga.epic_steps.inland_marine kb_fill #streDescription = 'Excavator with HKX Hyd Kit' OK
15:13:25.605 DEBUG   iga.epic_steps.inland_marine Sched #37: description verified OK
15:13:25.605 DEBUG   iga.epic_steps.inland_marine Sched #37: filling serial (#streSerialNumber) = '290176 H102251'
15:13:26.409 DEBUG   iga.epic_steps.inland_marine kb_fill #streSerialNumber = '290176 H102251' OK
15:13:26.628 DEBUG   iga.epic_steps.inland_marine Sched #37: serial verified OK
15:13:26.628 DEBUG   iga.epic_steps.inland_marine Sched #37: filling manufacturer (#streManufacturer) = 'Genesis'
15:13:27.228 DEBUG   iga.epic_steps.inland_marine kb_fill #streManufacturer = 'Genesis' OK
15:13:27.443 DEBUG   iga.epic_steps.inland_marine Sched #37: manufacturer verified OK
15:13:27.443 DEBUG   iga.epic_steps.inland_marine Sched #37: filling model (#streModel) = 'GDT290'
15:13:27.997 DEBUG   iga.epic_steps.inland_marine kb_fill #streModel = 'GDT290' OK
15:13:28.226 DEBUG   iga.epic_steps.inland_marine Sched #37: model verified OK
15:13:28.226 DEBUG   iga.epic_steps.inland_marine Sched #37: filling year (#inteModelYear__textField) = '2024'
15:13:28.720 DEBUG   iga.epic_steps.inland_marine kb_fill #inteModelYear__textField = '2024' OK
15:13:28.936 DEBUG   iga.epic_steps.inland_marine Sched #37: year verified OK
15:13:28.937 DEBUG   iga.epic_steps.inland_marine Sched #37: filling amount (#streAmtInsurance__textField) = '133725'
15:13:29.519 DEBUG   iga.epic_steps.inland_marine kb_fill #streAmtInsurance__textField = '133725' OK
15:13:29.734 DEBUG   iga.epic_steps.inland_marine Sched #37: amount verified OK
15:13:30.050 DEBUG   iga.epic_steps.inland_marine Sched #37: row complete; expected_next=39
15:13:30.050 INFO    iga.epic_steps.inland_marine --- Row 38/48: desired item#=39, EPIC auto-fill will be 39, Topcon | - | 2024 | LN Construction Robot | $28190
15:13:30.060 DEBUG   iga.epic_steps.inland_marine Sched #38: rows_before=37
15:13:31.277 DEBUG   iga.epic_steps.inland_marine Sched #38: row appeared (count 37 → 38)
15:13:32.283 DEBUG   iga.epic_steps.inland_marine Sched #38: EPIC auto-fill (39) matches desired — no typing
15:13:32.283 DEBUG   iga.epic_steps.inland_marine Sched #38: filling description (#streDescription) = 'LN Construction Robot'
15:13:33.313 DEBUG   iga.epic_steps.inland_marine kb_fill #streDescription = 'LN Construction Robot' OK
15:13:33.527 DEBUG   iga.epic_steps.inland_marine Sched #38: description verified OK
15:13:33.527 DEBUG   iga.epic_steps.inland_marine Sched #38: filling serial (#streSerialNumber) = 'LW022939'
15:13:34.173 DEBUG   iga.epic_steps.inland_marine kb_fill #streSerialNumber = 'LW022939' OK
15:13:34.390 DEBUG   iga.epic_steps.inland_marine Sched #38: serial verified OK
15:13:34.391 DEBUG   iga.epic_steps.inland_marine Sched #38: filling manufacturer (#streManufacturer) = 'Topcon'
15:13:34.953 DEBUG   iga.epic_steps.inland_marine kb_fill #streManufacturer = 'Topcon' OK
15:13:35.168 DEBUG   iga.epic_steps.inland_marine Sched #38: manufacturer verified OK
15:13:35.168 DEBUG   iga.epic_steps.inland_marine Sched #38: model blank — skipping
15:13:35.168 DEBUG   iga.epic_steps.inland_marine Sched #38: filling year (#inteModelYear__textField) = '2024'
15:13:35.673 DEBUG   iga.epic_steps.inland_marine kb_fill #inteModelYear__textField = '2024' OK
15:13:35.890 DEBUG   iga.epic_steps.inland_marine Sched #38: year verified OK
15:13:35.891 DEBUG   iga.epic_steps.inland_marine Sched #38: filling amount (#streAmtInsurance__textField) = '28190'
15:13:36.427 DEBUG   iga.epic_steps.inland_marine kb_fill #streAmtInsurance__textField = '28190' OK
15:13:36.647 DEBUG   iga.epic_steps.inland_marine Sched #38: amount verified OK
15:13:36.961 DEBUG   iga.epic_steps.inland_marine Sched #38: row complete; expected_next=40
15:13:36.962 INFO    iga.epic_steps.inland_marine --- Row 39/48: desired item#=35, EPIC auto-fill will be 40, John Deere | 335 P-Tier | 2025 | Compact Track Loader with 45 in. Frame a | $112000
15:13:36.965 DEBUG   iga.epic_steps.inland_marine Sched #39: rows_before=38
15:13:38.156 DEBUG   iga.epic_steps.inland_marine Sched #39: row appeared (count 38 → 39)
15:13:39.164 INFO    iga.epic_steps.inland_marine Sched #39: GAP — EPIC would auto-fill 40, we want 35. Overriding.
15:13:39.608 DEBUG   iga.epic_steps.inland_marine kb_fill #inteItemNumber__textField = '35' OK
15:13:39.825 DEBUG   iga.epic_steps.inland_marine Sched #39: item# override verified
15:13:39.825 DEBUG   iga.epic_steps.inland_marine Sched #39: filling description (#streDescription) = 'Compact Track Loader with 45 in. Frame and Set of Forks'
15:13:41.932 DEBUG   iga.epic_steps.inland_marine kb_fill #streDescription = 'Compact Track Loader with 45 in. Frame and Set of Forks' OK
15:13:42.149 INFO    iga.epic_steps.inland_marine Sched #39: description — EPIC normalized 'Compact Track Loader with 45 in. Frame and Set of Forks' → 'Compact Track Loader with 45 in. Frame a' (lenient, accepted)
15:13:42.149 DEBUG   iga.epic_steps.inland_marine Sched #39: filling serial (#streSerialNumber) = '1T0335PAASFF08234T0E HP45017562'
15:13:43.478 DEBUG   iga.epic_steps.inland_marine kb_fill #streSerialNumber = '1T0335PAASFF08234T0E HP45017562' OK
15:13:43.695 INFO    iga.epic_steps.inland_marine Sched #39: serial — EPIC normalized '1T0335PAASFF08234T0E HP45017562' → '1T0335PAASFF08234' (lenient, accepted)
15:13:43.695 DEBUG   iga.epic_steps.inland_marine Sched #39: filling manufacturer (#streManufacturer) = 'John Deere'
15:13:44.397 DEBUG   iga.epic_steps.inland_marine kb_fill #streManufacturer = 'John Deere' OK
15:13:44.611 DEBUG   iga.epic_steps.inland_marine Sched #39: manufacturer verified OK
15:13:44.612 DEBUG   iga.epic_steps.inland_marine Sched #39: filling model (#streModel) = '335 P-Tier'
15:13:45.305 DEBUG   iga.epic_steps.inland_marine kb_fill #streModel = '335 P-Tier' OK
15:13:45.534 DEBUG   iga.epic_steps.inland_marine Sched #39: model verified OK
15:13:45.534 DEBUG   iga.epic_steps.inland_marine Sched #39: filling year (#inteModelYear__textField) = '2025'
15:13:46.023 DEBUG   iga.epic_steps.inland_marine kb_fill #inteModelYear__textField = '2025' OK
15:13:46.240 DEBUG   iga.epic_steps.inland_marine Sched #39: year verified OK
15:13:46.240 DEBUG   iga.epic_steps.inland_marine Sched #39: filling amount (#streAmtInsurance__textField) = '112000'
15:13:46.824 DEBUG   iga.epic_steps.inland_marine kb_fill #streAmtInsurance__textField = '112000' OK
15:13:47.041 DEBUG   iga.epic_steps.inland_marine Sched #39: amount verified OK
15:13:47.358 DEBUG   iga.epic_steps.inland_marine Sched #39: row complete; expected_next=36
15:13:47.358 INFO    iga.epic_steps.inland_marine --- Row 40/48: desired item#=40, EPIC auto-fill will be 36, John Deere | 50 P-Tier | 2024 | Compact Excavator with Thumb | $90350
15:13:47.362 DEBUG   iga.epic_steps.inland_marine Sched #40: rows_before=39
15:13:48.538 DEBUG   iga.epic_steps.inland_marine Sched #40: row appeared (count 39 → 40)
15:13:49.555 INFO    iga.epic_steps.inland_marine Sched #40: GAP — EPIC would auto-fill 36, we want 40. Overriding.
15:13:49.988 DEBUG   iga.epic_steps.inland_marine kb_fill #inteItemNumber__textField = '40' OK
15:13:50.204 DEBUG   iga.epic_steps.inland_marine Sched #40: item# override verified
15:13:50.204 DEBUG   iga.epic_steps.inland_marine Sched #40: filling description (#streDescription) = 'Compact Excavator with Thumb'
15:13:51.488 DEBUG   iga.epic_steps.inland_marine kb_fill #streDescription = 'Compact Excavator with Thumb' OK
15:13:51.703 DEBUG   iga.epic_steps.inland_marine Sched #40: description verified OK
15:13:51.703 DEBUG   iga.epic_steps.inland_marine Sched #40: filling serial (#streSerialNumber) = '1FF050PAJRH003459'
15:13:52.610 DEBUG   iga.epic_steps.inland_marine kb_fill #streSerialNumber = '1FF050PAJRH003459' OK
15:13:52.826 DEBUG   iga.epic_steps.inland_marine Sched #40: serial verified OK
15:13:52.826 DEBUG   iga.epic_steps.inland_marine Sched #40: filling manufacturer (#streManufacturer) = 'John Deere'
15:13:53.533 DEBUG   iga.epic_steps.inland_marine kb_fill #streManufacturer = 'John Deere' OK
15:13:53.750 DEBUG   iga.epic_steps.inland_marine Sched #40: manufacturer verified OK
15:13:53.750 DEBUG   iga.epic_steps.inland_marine Sched #40: filling model (#streModel) = '50 P-Tier'
15:13:54.423 DEBUG   iga.epic_steps.inland_marine kb_fill #streModel = '50 P-Tier' OK
15:13:54.641 DEBUG   iga.epic_steps.inland_marine Sched #40: model verified OK
15:13:54.641 DEBUG   iga.epic_steps.inland_marine Sched #40: filling year (#inteModelYear__textField) = '2024'
15:13:55.145 DEBUG   iga.epic_steps.inland_marine kb_fill #inteModelYear__textField = '2024' OK
15:13:55.364 DEBUG   iga.epic_steps.inland_marine Sched #40: year verified OK
15:13:55.364 DEBUG   iga.epic_steps.inland_marine Sched #40: filling amount (#streAmtInsurance__textField) = '90350'
15:13:55.901 DEBUG   iga.epic_steps.inland_marine kb_fill #streAmtInsurance__textField = '90350' OK
15:13:56.119 DEBUG   iga.epic_steps.inland_marine Sched #40: amount verified OK
15:13:56.435 DEBUG   iga.epic_steps.inland_marine Sched #40: row complete; expected_next=41
15:13:56.435 INFO    iga.epic_steps.inland_marine --- Row 41/48: desired item#=41, EPIC auto-fill will be 41, Takeuchi | TL8R2-CR | 2024 | Track Loader with 78" Skid Attachment | $61099
15:13:56.439 DEBUG   iga.epic_steps.inland_marine Sched #41: rows_before=40
15:13:57.960 DEBUG   iga.epic_steps.inland_marine Sched #41: row appeared (count 40 → 41)
15:13:58.978 DEBUG   iga.epic_steps.inland_marine Sched #41: EPIC auto-fill (41) matches desired — no typing
15:13:58.978 DEBUG   iga.epic_steps.inland_marine Sched #41: filling description (#streDescription) = 'Track Loader with 78" Skid Attachment'
15:14:00.508 DEBUG   iga.epic_steps.inland_marine kb_fill #streDescription = 'Track Loader with 78" Skid Attachment' OK
15:14:00.722 DEBUG   iga.epic_steps.inland_marine Sched #41: description verified OK
15:14:00.722 DEBUG   iga.epic_steps.inland_marine Sched #41: filling serial (#streSerialNumber) = '408009967'
15:14:01.377 DEBUG   iga.epic_steps.inland_marine kb_fill #streSerialNumber = '408009967' OK
15:14:01.597 DEBUG   iga.epic_steps.inland_marine Sched #41: serial verified OK
15:14:01.597 DEBUG   iga.epic_steps.inland_marine Sched #41: filling manufacturer (#streManufacturer) = 'Takeuchi'
15:14:02.247 DEBUG   iga.epic_steps.inland_marine kb_fill #streManufacturer = 'Takeuchi' OK
15:14:02.464 DEBUG   iga.epic_steps.inland_marine Sched #41: manufacturer verified OK
15:14:02.464 DEBUG   iga.epic_steps.inland_marine Sched #41: filling model (#streModel) = 'TL8R2-CR'
15:14:03.110 DEBUG   iga.epic_steps.inland_marine kb_fill #streModel = 'TL8R2-CR' OK
15:14:03.327 DEBUG   iga.epic_steps.inland_marine Sched #41: model verified OK
15:14:03.327 DEBUG   iga.epic_steps.inland_marine Sched #41: filling year (#inteModelYear__textField) = '2024'
15:14:03.819 DEBUG   iga.epic_steps.inland_marine kb_fill #inteModelYear__textField = '2024' OK
15:14:04.038 DEBUG   iga.epic_steps.inland_marine Sched #41: year verified OK
15:14:04.038 DEBUG   iga.epic_steps.inland_marine Sched #41: filling amount (#streAmtInsurance__textField) = '61099'
15:14:04.573 DEBUG   iga.epic_steps.inland_marine kb_fill #streAmtInsurance__textField = '61099' OK
15:14:04.788 DEBUG   iga.epic_steps.inland_marine Sched #41: amount verified OK
15:14:05.089 DEBUG   iga.epic_steps.inland_marine Sched #41: row complete; expected_next=42
15:14:05.089 INFO    iga.epic_steps.inland_marine --- Row 42/48: desired item#=43, EPIC auto-fill will be 42, Komatsu | PC390LCI-11 | 2020 | Excavator | $150000
15:14:05.093 DEBUG   iga.epic_steps.inland_marine Sched #42: rows_before=41
15:14:06.285 DEBUG   iga.epic_steps.inland_marine Sched #42: row appeared (count 41 → 42)
15:14:07.300 INFO    iga.epic_steps.inland_marine Sched #42: GAP — EPIC would auto-fill 42, we want 43. Overriding.
15:14:07.732 DEBUG   iga.epic_steps.inland_marine kb_fill #inteItemNumber__textField = '43' OK
15:14:07.947 DEBUG   iga.epic_steps.inland_marine Sched #42: item# override verified
15:14:07.947 DEBUG   iga.epic_steps.inland_marine Sched #42: filling description (#streDescription) = 'Excavator'
15:14:08.606 DEBUG   iga.epic_steps.inland_marine kb_fill #streDescription = 'Excavator' OK
15:14:08.828 DEBUG   iga.epic_steps.inland_marine Sched #42: description verified OK
15:14:08.828 DEBUG   iga.epic_steps.inland_marine Sched #42: filling serial (#streSerialNumber) = 'A31036'
15:14:09.382 DEBUG   iga.epic_steps.inland_marine kb_fill #streSerialNumber = 'A31036' OK
15:14:09.599 DEBUG   iga.epic_steps.inland_marine Sched #42: serial verified OK
15:14:09.599 DEBUG   iga.epic_steps.inland_marine Sched #42: filling manufacturer (#streManufacturer) = 'Komatsu'
15:14:10.195 DEBUG   iga.epic_steps.inland_marine kb_fill #streManufacturer = 'Komatsu' OK
15:14:10.533 DEBUG   iga.epic_steps.inland_marine Sched #42: manufacturer verified OK
15:14:10.533 DEBUG   iga.epic_steps.inland_marine Sched #42: filling model (#streModel) = 'PC390LCI-11'
15:14:11.243 DEBUG   iga.epic_steps.inland_marine kb_fill #streModel = 'PC390LCI-11' OK
15:14:11.460 DEBUG   iga.epic_steps.inland_marine Sched #42: model verified OK
15:14:11.460 DEBUG   iga.epic_steps.inland_marine Sched #42: filling year (#inteModelYear__textField) = '2020'
15:14:11.950 DEBUG   iga.epic_steps.inland_marine kb_fill #inteModelYear__textField = '2020' OK
15:14:12.166 DEBUG   iga.epic_steps.inland_marine Sched #42: year verified OK
15:14:12.166 DEBUG   iga.epic_steps.inland_marine Sched #42: filling amount (#streAmtInsurance__textField) = '150000'
15:14:12.729 DEBUG   iga.epic_steps.inland_marine kb_fill #streAmtInsurance__textField = '150000' OK
15:14:12.943 DEBUG   iga.epic_steps.inland_marine Sched #42: amount verified OK
15:14:13.257 DEBUG   iga.epic_steps.inland_marine Sched #42: row complete; expected_next=44
15:14:13.257 INFO    iga.epic_steps.inland_marine --- Row 43/48: desired item#=42, EPIC auto-fill will be 44, Komatsu | PC490LCi-11 | 2020 | Excavator with attachments | $213361
15:14:13.261 DEBUG   iga.epic_steps.inland_marine Sched #43: rows_before=42
15:14:14.443 DEBUG   iga.epic_steps.inland_marine Sched #43: row appeared (count 42 → 43)
15:14:15.452 INFO    iga.epic_steps.inland_marine Sched #43: GAP — EPIC would auto-fill 44, we want 42. Overriding.
15:14:15.890 DEBUG   iga.epic_steps.inland_marine kb_fill #inteItemNumber__textField = '42' OK
15:14:16.105 DEBUG   iga.epic_steps.inland_marine Sched #43: item# override verified
15:14:16.105 DEBUG   iga.epic_steps.inland_marine Sched #43: filling description (#streDescription) = 'Excavator with attachments'
15:14:17.313 DEBUG   iga.epic_steps.inland_marine kb_fill #streDescription = 'Excavator with attachments' OK
15:14:17.532 DEBUG   iga.epic_steps.inland_marine Sched #43: description verified OK
15:14:17.532 DEBUG   iga.epic_steps.inland_marine Sched #43: filling serial (#streSerialNumber) = 'F31051950033'
15:14:18.288 DEBUG   iga.epic_steps.inland_marine kb_fill #streSerialNumber = 'F31051950033' OK
15:14:18.509 DEBUG   iga.epic_steps.inland_marine Sched #43: serial verified OK
15:14:18.509 DEBUG   iga.epic_steps.inland_marine Sched #43: filling manufacturer (#streManufacturer) = 'Komatsu'
15:14:19.098 DEBUG   iga.epic_steps.inland_marine kb_fill #streManufacturer = 'Komatsu' OK
15:14:19.316 DEBUG   iga.epic_steps.inland_marine Sched #43: manufacturer verified OK
15:14:19.317 DEBUG   iga.epic_steps.inland_marine Sched #43: filling model (#streModel) = 'PC490LCi-11'
15:14:20.030 DEBUG   iga.epic_steps.inland_marine kb_fill #streModel = 'PC490LCi-11' OK
15:14:20.246 DEBUG   iga.epic_steps.inland_marine Sched #43: model verified OK
15:14:20.246 DEBUG   iga.epic_steps.inland_marine Sched #43: filling year (#inteModelYear__textField) = '2020'
15:14:20.737 DEBUG   iga.epic_steps.inland_marine kb_fill #inteModelYear__textField = '2020' OK
15:14:20.958 DEBUG   iga.epic_steps.inland_marine Sched #43: year verified OK
15:14:20.958 DEBUG   iga.epic_steps.inland_marine Sched #43: filling amount (#streAmtInsurance__textField) = '213361'
15:14:21.526 DEBUG   iga.epic_steps.inland_marine kb_fill #streAmtInsurance__textField = '213361' OK
15:14:21.741 DEBUG   iga.epic_steps.inland_marine Sched #43: amount verified OK
15:14:22.044 DEBUG   iga.epic_steps.inland_marine Sched #43: row complete; expected_next=43
15:14:22.044 INFO    iga.epic_steps.inland_marine --- Row 44/48: desired item#=44, EPIC auto-fill will be 43, Komatsu | D51PXI-24 | 2026 | Crawler Dozer | $310500
15:14:22.054 DEBUG   iga.epic_steps.inland_marine Sched #44: rows_before=43
15:14:23.390 DEBUG   iga.epic_steps.inland_marine Sched #44: row appeared (count 43 → 44)
15:14:24.396 INFO    iga.epic_steps.inland_marine Sched #44: GAP — EPIC would auto-fill 43, we want 44. Overriding.
15:14:24.832 DEBUG   iga.epic_steps.inland_marine kb_fill #inteItemNumber__textField = '44' OK
15:14:25.048 DEBUG   iga.epic_steps.inland_marine Sched #44: item# override verified
15:14:25.049 DEBUG   iga.epic_steps.inland_marine Sched #44: filling description (#streDescription) = 'Crawler Dozer'
15:14:25.830 DEBUG   iga.epic_steps.inland_marine kb_fill #streDescription = 'Crawler Dozer' OK
15:14:26.050 DEBUG   iga.epic_steps.inland_marine Sched #44: description verified OK
15:14:26.050 DEBUG   iga.epic_steps.inland_marine Sched #44: filling serial (#streSerialNumber) = 'B26070'
15:14:26.615 DEBUG   iga.epic_steps.inland_marine kb_fill #streSerialNumber = 'B26070' OK
15:14:26.834 DEBUG   iga.epic_steps.inland_marine Sched #44: serial verified OK
15:14:26.834 DEBUG   iga.epic_steps.inland_marine Sched #44: filling manufacturer (#streManufacturer) = 'Komatsu'
15:14:27.430 DEBUG   iga.epic_steps.inland_marine kb_fill #streManufacturer = 'Komatsu' OK
15:14:27.645 DEBUG   iga.epic_steps.inland_marine Sched #44: manufacturer verified OK
15:14:27.645 DEBUG   iga.epic_steps.inland_marine Sched #44: filling model (#streModel) = 'D51PXI-24'
15:14:28.308 DEBUG   iga.epic_steps.inland_marine kb_fill #streModel = 'D51PXI-24' OK
15:14:28.522 DEBUG   iga.epic_steps.inland_marine Sched #44: model verified OK
15:14:28.522 DEBUG   iga.epic_steps.inland_marine Sched #44: filling year (#inteModelYear__textField) = '2026'
15:14:29.009 DEBUG   iga.epic_steps.inland_marine kb_fill #inteModelYear__textField = '2026' OK
15:14:29.224 DEBUG   iga.epic_steps.inland_marine Sched #44: year verified OK
15:14:29.224 DEBUG   iga.epic_steps.inland_marine Sched #44: filling amount (#streAmtInsurance__textField) = '310500'
15:14:29.791 DEBUG   iga.epic_steps.inland_marine kb_fill #streAmtInsurance__textField = '310500' OK
15:14:30.005 DEBUG   iga.epic_steps.inland_marine Sched #44: amount verified OK
15:14:30.307 DEBUG   iga.epic_steps.inland_marine Sched #44: row complete; expected_next=45
15:14:30.308 INFO    iga.epic_steps.inland_marine --- Row 45/48: desired item#=45, EPIC auto-fill will be 45, Rome | RP-2812 HDE | 2025 | Heavy Duty Ejector | $190000
15:14:30.311 DEBUG   iga.epic_steps.inland_marine Sched #45: rows_before=44
15:14:31.501 DEBUG   iga.epic_steps.inland_marine Sched #45: row appeared (count 44 → 45)
15:14:32.506 DEBUG   iga.epic_steps.inland_marine Sched #45: EPIC auto-fill (45) matches desired — no typing
15:14:32.506 DEBUG   iga.epic_steps.inland_marine Sched #45: filling description (#streDescription) = 'Heavy Duty Ejector'
15:14:33.450 DEBUG   iga.epic_steps.inland_marine kb_fill #streDescription = 'Heavy Duty Ejector' OK
15:14:33.666 DEBUG   iga.epic_steps.inland_marine Sched #45: description verified OK
15:14:33.666 DEBUG   iga.epic_steps.inland_marine Sched #45: filling serial (#streSerialNumber) = 'RP-2812 HDE'
15:14:34.385 DEBUG   iga.epic_steps.inland_marine kb_fill #streSerialNumber = 'RP-2812 HDE' OK
15:14:34.602 DEBUG   iga.epic_steps.inland_marine Sched #45: serial verified OK
15:14:34.602 DEBUG   iga.epic_steps.inland_marine Sched #45: filling manufacturer (#streManufacturer) = 'Rome'
15:14:35.120 DEBUG   iga.epic_steps.inland_marine kb_fill #streManufacturer = 'Rome' OK
15:14:35.339 DEBUG   iga.epic_steps.inland_marine Sched #45: manufacturer verified OK
15:14:35.339 DEBUG   iga.epic_steps.inland_marine Sched #45: filling model (#streModel) = 'RP-2812 HDE'
15:14:36.051 DEBUG   iga.epic_steps.inland_marine kb_fill #streModel = 'RP-2812 HDE' OK
15:14:36.265 DEBUG   iga.epic_steps.inland_marine Sched #45: model verified OK
15:14:36.265 DEBUG   iga.epic_steps.inland_marine Sched #45: filling year (#inteModelYear__textField) = '2025'
15:14:36.761 DEBUG   iga.epic_steps.inland_marine kb_fill #inteModelYear__textField = '2025' OK
15:14:36.976 DEBUG   iga.epic_steps.inland_marine Sched #45: year verified OK
15:14:36.977 DEBUG   iga.epic_steps.inland_marine Sched #45: filling amount (#streAmtInsurance__textField) = '190000'
15:14:37.545 DEBUG   iga.epic_steps.inland_marine kb_fill #streAmtInsurance__textField = '190000' OK
15:14:37.762 DEBUG   iga.epic_steps.inland_marine Sched #45: amount verified OK
15:14:38.076 DEBUG   iga.epic_steps.inland_marine Sched #45: row complete; expected_next=46
15:14:38.076 INFO    iga.epic_steps.inland_marine --- Row 46/48: desired item#=46, EPIC auto-fill will be 46, Rome | RP-2812 HDE | 2025 | Heavy Duty Scraper | $185000
15:14:38.080 DEBUG   iga.epic_steps.inland_marine Sched #46: rows_before=45
15:14:39.268 DEBUG   iga.epic_steps.inland_marine Sched #46: row appeared (count 45 → 46)
15:14:40.284 DEBUG   iga.epic_steps.inland_marine Sched #46: EPIC auto-fill (46) matches desired — no typing
15:14:40.284 DEBUG   iga.epic_steps.inland_marine Sched #46: filling description (#streDescription) = 'Heavy Duty Scraper'
15:14:41.227 DEBUG   iga.epic_steps.inland_marine kb_fill #streDescription = 'Heavy Duty Scraper' OK
15:14:41.445 DEBUG   iga.epic_steps.inland_marine Sched #46: description verified OK
15:14:41.445 DEBUG   iga.epic_steps.inland_marine Sched #46: filling serial (#streSerialNumber) = '2812HDE-300'
15:14:42.171 DEBUG   iga.epic_steps.inland_marine kb_fill #streSerialNumber = '2812HDE-300' OK
15:14:42.386 DEBUG   iga.epic_steps.inland_marine Sched #46: serial verified OK
15:14:42.386 DEBUG   iga.epic_steps.inland_marine Sched #46: filling manufacturer (#streManufacturer) = 'Rome'
15:14:42.891 DEBUG   iga.epic_steps.inland_marine kb_fill #streManufacturer = 'Rome' OK
15:14:43.112 DEBUG   iga.epic_steps.inland_marine Sched #46: manufacturer verified OK
15:14:43.112 DEBUG   iga.epic_steps.inland_marine Sched #46: filling model (#streModel) = 'RP-2812 HDE'
15:14:43.824 DEBUG   iga.epic_steps.inland_marine kb_fill #streModel = 'RP-2812 HDE' OK
15:14:44.043 DEBUG   iga.epic_steps.inland_marine Sched #46: model verified OK
15:14:44.043 DEBUG   iga.epic_steps.inland_marine Sched #46: filling year (#inteModelYear__textField) = '2025'
15:14:44.529 DEBUG   iga.epic_steps.inland_marine kb_fill #inteModelYear__textField = '2025' OK
15:14:44.745 DEBUG   iga.epic_steps.inland_marine Sched #46: year verified OK
15:14:44.745 DEBUG   iga.epic_steps.inland_marine Sched #46: filling amount (#streAmtInsurance__textField) = '185000'
15:14:45.326 DEBUG   iga.epic_steps.inland_marine kb_fill #streAmtInsurance__textField = '185000' OK
15:14:45.544 DEBUG   iga.epic_steps.inland_marine Sched #46: amount verified OK
15:14:45.846 DEBUG   iga.epic_steps.inland_marine Sched #46: row complete; expected_next=47
15:14:45.847 INFO    iga.epic_steps.inland_marine --- Row 47/48: desired item#=48, EPIC auto-fill will be 47, Vermeer | Vac-Tron Series | 2020 | Vacuum Excavator | $40000
15:14:45.851 DEBUG   iga.epic_steps.inland_marine Sched #47: rows_before=46
15:14:47.046 DEBUG   iga.epic_steps.inland_marine Sched #47: row appeared (count 46 → 47)
15:14:48.064 INFO    iga.epic_steps.inland_marine Sched #47: GAP — EPIC would auto-fill 47, we want 48. Overriding.
15:14:48.544 DEBUG   iga.epic_steps.inland_marine kb_fill #inteItemNumber__textField = '48' OK
15:14:48.760 DEBUG   iga.epic_steps.inland_marine Sched #47: item# override verified
15:14:48.760 DEBUG   iga.epic_steps.inland_marine Sched #47: filling description (#streDescription) = 'Vacuum Excavator'
15:14:49.644 DEBUG   iga.epic_steps.inland_marine kb_fill #streDescription = 'Vacuum Excavator' OK
15:14:49.862 DEBUG   iga.epic_steps.inland_marine Sched #47: description verified OK
15:14:49.863 DEBUG   iga.epic_steps.inland_marine Sched #47: filling serial (#streSerialNumber) = '100773'
15:14:50.418 DEBUG   iga.epic_steps.inland_marine kb_fill #streSerialNumber = '100773' OK
15:14:50.636 DEBUG   iga.epic_steps.inland_marine Sched #47: serial verified OK
15:14:50.636 DEBUG   iga.epic_steps.inland_marine Sched #47: filling manufacturer (#streManufacturer) = 'Vermeer'
15:14:51.235 DEBUG   iga.epic_steps.inland_marine kb_fill #streManufacturer = 'Vermeer' OK
15:14:51.450 DEBUG   iga.epic_steps.inland_marine Sched #47: manufacturer verified OK
15:14:51.450 DEBUG   iga.epic_steps.inland_marine Sched #47: filling model (#streModel) = 'Vac-Tron Series'
15:14:52.284 DEBUG   iga.epic_steps.inland_marine kb_fill #streModel = 'Vac-Tron Series' OK
15:14:52.499 DEBUG   iga.epic_steps.inland_marine Sched #47: model verified OK
15:14:52.500 DEBUG   iga.epic_steps.inland_marine Sched #47: filling year (#inteModelYear__textField) = '2020'
15:14:52.986 DEBUG   iga.epic_steps.inland_marine kb_fill #inteModelYear__textField = '2020' OK
15:14:53.205 DEBUG   iga.epic_steps.inland_marine Sched #47: year verified OK
15:14:53.205 DEBUG   iga.epic_steps.inland_marine Sched #47: filling amount (#streAmtInsurance__textField) = '40000'
15:14:53.745 DEBUG   iga.epic_steps.inland_marine kb_fill #streAmtInsurance__textField = '40000' OK
15:14:53.962 DEBUG   iga.epic_steps.inland_marine Sched #47: amount verified OK
15:14:54.277 DEBUG   iga.epic_steps.inland_marine Sched #47: row complete; expected_next=49
15:14:54.277 INFO    iga.epic_steps.inland_marine --- Row 48/48: desired item#=49, EPIC auto-fill will be 49, TOPCON KOMATSU | DZ 3DMC2 | - | Grade Control System | $45000
15:14:54.281 DEBUG   iga.epic_steps.inland_marine Sched #48: rows_before=47
15:14:55.471 DEBUG   iga.epic_steps.inland_marine Sched #48: row appeared (count 47 → 48)
15:14:56.476 DEBUG   iga.epic_steps.inland_marine Sched #48: EPIC auto-fill (49) matches desired — no typing
15:14:56.476 DEBUG   iga.epic_steps.inland_marine Sched #48: filling description (#streDescription) = 'Grade Control System'
15:14:57.474 DEBUG   iga.epic_steps.inland_marine kb_fill #streDescription = 'Grade Control System' OK
15:14:57.702 DEBUG   iga.epic_steps.inland_marine Sched #48: description verified OK
15:14:57.702 DEBUG   iga.epic_steps.inland_marine Sched #48: serial blank — skipping
15:14:57.702 DEBUG   iga.epic_steps.inland_marine Sched #48: filling manufacturer (#streManufacturer) = 'TOPCON KOMATSU'
15:14:58.519 DEBUG   iga.epic_steps.inland_marine kb_fill #streManufacturer = 'TOPCON KOMATSU' OK
15:14:58.736 DEBUG   iga.epic_steps.inland_marine Sched #48: manufacturer verified OK
15:14:58.736 DEBUG   iga.epic_steps.inland_marine Sched #48: filling model (#streModel) = 'DZ 3DMC2'
15:14:59.396 DEBUG   iga.epic_steps.inland_marine kb_fill #streModel = 'DZ 3DMC2' OK
15:14:59.614 DEBUG   iga.epic_steps.inland_marine Sched #48: model verified OK
15:14:59.614 DEBUG   iga.epic_steps.inland_marine Sched #48: year blank — skipping
15:14:59.614 DEBUG   iga.epic_steps.inland_marine Sched #48: filling amount (#streAmtInsurance__textField) = '45000'
15:15:00.151 DEBUG   iga.epic_steps.inland_marine kb_fill #streAmtInsurance__textField = '45000' OK
15:15:00.366 DEBUG   iga.epic_steps.inland_marine Sched #48: amount verified OK
15:15:00.668 DEBUG   iga.epic_steps.inland_marine Sched #48: row complete; expected_next=50
15:15:00.668 INFO    iga.epic_steps.inland_marine === Scheduled Equipment: complete (48 row(s) processed) ===
15:15:00.668 INFO    iga.epic_steps.inland_marine === Step 3: Unscheduled Equipment ===
15:15:03.641 DEBUG   iga.epic_steps.inland_marine Navigated to EquipmentFloater.UnscheduledEquipment (CHM-EFUNEQIP screen code present)
15:15:03.642 DEBUG   iga.epic_steps.inland_marine EquipmentFloater.UnscheduledEquipment: vlvwEquipment_add ready
15:15:03.643 INFO    iga.epic_steps.inland_marine === Unscheduled Equipment: 6 item(s) ===
15:15:04.299 INFO    iga.epic_steps.inland_marine --- Row 1/6: desc='Installation Floater' ($500000)
15:15:04.329 DEBUG   iga.epic_steps.inland_marine Unsched #1: rows_before=0
15:15:05.337 DEBUG   iga.epic_steps.inland_marine Unsched #1: row appeared (count 0 → 1)
15:15:05.339 DEBUG   iga.epic_steps.inland_marine Unsched #1: filling description (#streDescription) = 'Installation Floater'
15:15:06.318 DEBUG   iga.epic_steps.inland_marine kb_fill #streDescription = 'Installation Floater' OK
15:15:06.533 DEBUG   iga.epic_steps.inland_marine Unsched #1: description verified OK
15:15:06.533 DEBUG   iga.epic_steps.inland_marine Unsched #1: filling amount (#streAmtInsurance__textField) = '500000'
15:15:07.085 DEBUG   iga.epic_steps.inland_marine kb_fill #streAmtInsurance__textField = '500000' OK
15:15:07.302 DEBUG   iga.epic_steps.inland_marine Unsched #1: amount verified OK
15:15:07.603 DEBUG   iga.epic_steps.inland_marine Unsched #1: row complete
15:15:07.603 DEBUG   iga.epic_steps.inland_marine Unsched #2: using cached description_short 'BPP (RC)' (full was 45 chars)
15:15:07.604 INFO    iga.epic_steps.inland_marine --- Row 2/6: desc='BPP (RC)' ($75000)
15:15:07.608 DEBUG   iga.epic_steps.inland_marine Unsched #2: rows_before=1
15:15:08.623 DEBUG   iga.epic_steps.inland_marine Unsched #2: row appeared (count 1 → 2)
15:15:08.625 DEBUG   iga.epic_steps.inland_marine Unsched #2: filling description (#streDescription) = 'BPP (RC)'
15:15:09.229 DEBUG   iga.epic_steps.inland_marine kb_fill #streDescription = 'BPP (RC)' OK
15:15:09.442 DEBUG   iga.epic_steps.inland_marine Unsched #2: description verified OK
15:15:09.442 DEBUG   iga.epic_steps.inland_marine Unsched #2: filling amount (#streAmtInsurance__textField) = '75000'
15:15:09.959 DEBUG   iga.epic_steps.inland_marine kb_fill #streAmtInsurance__textField = '75000' OK
15:15:10.192 DEBUG   iga.epic_steps.inland_marine Unsched #2: amount verified OK
15:15:10.502 DEBUG   iga.epic_steps.inland_marine Unsched #2: row complete
15:15:10.502 DEBUG   iga.epic_steps.inland_marine Unsched #3: using cached description_short 'EE Tools & Equip (RC)' (full was 49 chars)
15:15:10.502 INFO    iga.epic_steps.inland_marine --- Row 3/6: desc='EE Tools & Equip (RC)' ($50000)
15:15:10.506 DEBUG   iga.epic_steps.inland_marine Unsched #3: rows_before=2
15:15:11.518 DEBUG   iga.epic_steps.inland_marine Unsched #3: row appeared (count 2 → 3)
15:15:11.519 DEBUG   iga.epic_steps.inland_marine Unsched #3: filling description (#streDescription) = 'EE Tools & Equip (RC)'
15:15:12.544 DEBUG   iga.epic_steps.inland_marine kb_fill #streDescription = 'EE Tools & Equip (RC)' OK
15:15:12.758 DEBUG   iga.epic_steps.inland_marine Unsched #3: description verified OK
15:15:12.759 DEBUG   iga.epic_steps.inland_marine Unsched #3: filling amount (#streAmtInsurance__textField) = '50000'
15:15:13.279 DEBUG   iga.epic_steps.inland_marine kb_fill #streAmtInsurance__textField = '50000' OK
15:15:13.495 DEBUG   iga.epic_steps.inland_marine Unsched #3: amount verified OK
15:15:13.799 DEBUG   iga.epic_steps.inland_marine Unsched #3: row complete
15:15:13.799 DEBUG   iga.epic_steps.inland_marine Unsched #4: using cached description_short 'Borrowed/Leased/Hired BPP 90D' (full was 70 chars)
15:15:13.799 INFO    iga.epic_steps.inland_marine --- Row 4/6: desc='Borrowed/Leased/Hired BPP 90D' ($300000)
15:15:13.804 DEBUG   iga.epic_steps.inland_marine Unsched #4: rows_before=3
15:15:14.817 DEBUG   iga.epic_steps.inland_marine Unsched #4: row appeared (count 3 → 4)
15:15:14.818 DEBUG   iga.epic_steps.inland_marine Unsched #4: filling description (#streDescription) = 'Borrowed/Leased/Hired BPP 90D'
15:15:16.087 DEBUG   iga.epic_steps.inland_marine kb_fill #streDescription = 'Borrowed/Leased/Hired BPP 90D' OK
15:15:16.305 DEBUG   iga.epic_steps.inland_marine Unsched #4: description verified OK
15:15:16.305 DEBUG   iga.epic_steps.inland_marine Unsched #4: filling amount (#streAmtInsurance__textField) = '300000'
15:15:16.872 DEBUG   iga.epic_steps.inland_marine kb_fill #streAmtInsurance__textField = '300000' OK
15:15:17.091 DEBUG   iga.epic_steps.inland_marine Unsched #4: amount verified OK
15:15:17.393 DEBUG   iga.epic_steps.inland_marine Unsched #4: row complete
15:15:17.394 INFO    iga.epic_steps.inland_marine --- Row 5/6: desc='Rental Reimbursement' ($100000)
15:15:17.398 DEBUG   iga.epic_steps.inland_marine Unsched #5: rows_before=4
15:15:18.399 DEBUG   iga.epic_steps.inland_marine Unsched #5: row appeared (count 4 → 5)
15:15:18.401 DEBUG   iga.epic_steps.inland_marine Unsched #5: filling description (#streDescription) = 'Rental Reimbursement'
15:15:19.383 DEBUG   iga.epic_steps.inland_marine kb_fill #streDescription = 'Rental Reimbursement' OK
15:15:19.604 DEBUG   iga.epic_steps.inland_marine Unsched #5: description verified OK
15:15:19.604 DEBUG   iga.epic_steps.inland_marine Unsched #5: filling amount (#streAmtInsurance__textField) = '100000'
15:15:20.155 DEBUG   iga.epic_steps.inland_marine kb_fill #streAmtInsurance__textField = '100000' OK
15:15:20.371 DEBUG   iga.epic_steps.inland_marine Unsched #5: amount verified OK
15:15:20.686 DEBUG   iga.epic_steps.inland_marine Unsched #5: row complete
15:15:20.686 INFO    iga.epic_steps.inland_marine --- Row 6/6: desc='Employee Tools & Equipment' ($50000)
15:15:20.690 DEBUG   iga.epic_steps.inland_marine Unsched #6: rows_before=5
15:15:21.700 DEBUG   iga.epic_steps.inland_marine Unsched #6: row appeared (count 5 → 6)
15:15:21.701 DEBUG   iga.epic_steps.inland_marine Unsched #6: filling description (#streDescription) = 'Employee Tools & Equipment'
15:15:22.895 DEBUG   iga.epic_steps.inland_marine kb_fill #streDescription = 'Employee Tools & Equipment' OK
15:15:23.119 DEBUG   iga.epic_steps.inland_marine Unsched #6: description verified OK
15:15:23.119 DEBUG   iga.epic_steps.inland_marine Unsched #6: filling amount (#streAmtInsurance__textField) = '50000'
15:15:23.633 DEBUG   iga.epic_steps.inland_marine kb_fill #streAmtInsurance__textField = '50000' OK
15:15:23.862 DEBUG   iga.epic_steps.inland_marine Unsched #6: amount verified OK
15:15:24.166 DEBUG   iga.epic_steps.inland_marine Unsched #6: row complete
15:15:24.166 INFO    iga.epic_steps.inland_marine === Unscheduled Equipment: complete (6 row(s) processed) ===
15:15:24.166 INFO    iga.epic_steps.inland_marine === Step 4: Additional Interests ===
15:15:25.504 DEBUG   iga.epic_steps.inland_marine Navigated to EquipmentFloater.AdditionalInterest (CHM-EFADDLIN screen code present)
15:15:25.506 DEBUG   iga.epic_steps.inland_marine EquipmentFloater.AdditionalInterest: vlvwInterest_add ready
15:15:25.506 INFO    iga.epic_steps.inland_marine === Additional Interests: 5 item(s) ===
15:15:25.507 INFO    iga.epic_steps.inland_marine --- Row 1/5: name='University of Tennessee' interest='Additional Insured' addr='505 Summer Place UTT 1048C, Knoxville, TN 37902'
15:15:25.512 DEBUG   iga.epic_steps.inland_marine AI #1: rows_before=0
15:15:26.537 DEBUG   iga.epic_steps.inland_marine AI #1: row appeared (count 0 → 1)
15:15:26.537 DEBUG   iga.epic_steps.inland_marine AI #1: filling name (#streName) = 'University of Tennessee'
15:15:27.682 DEBUG   iga.epic_steps.inland_marine kb_fill #streName = 'University of Tennessee' OK
15:15:27.901 DEBUG   iga.epic_steps.inland_marine AI #1: name verified OK
15:15:27.901 DEBUG   iga.epic_steps.business_auto AI interest 'Additional Insured' → alias → AI (Additional Insured)
15:15:28.751 DEBUG   iga.epic_steps.property fill_combo cboInterest = 'AI'  matched row 10 (priority 3)
15:15:29.117 DEBUG   iga.epic_steps.inland_marine AI #1: cboInterest = 'AI' (resolved from 'Additional Insured')
15:15:29.117 DEBUG   iga.epic_steps.inland_marine AI #1 address split: street='505 Summer Place UTT 1048C' city='Knoxville' state='TN' zip='37902'
15:15:33.355 DEBUG   iga.epic_steps.business_auto AI address: no suggestion rows appeared for street='505 Summer Place UTT 1048C'
15:15:33.355 INFO    iga.epic_steps.inland_marine AI #1: validated lookup returned no rows — manual address fill
15:15:33.355 DEBUG   iga.epic_steps.inland_marine AI #1: filling addr.street (#adePrimary-streetLine) = '505 Summer Place UTT 1048C'
15:15:34.604 DEBUG   iga.epic_steps.inland_marine kb_fill #adePrimary-streetLine = '505 Summer Place UTT 1048C' OK
15:15:34.819 INFO    iga.epic_steps.inland_marine AI #1: addr.street — EPIC normalized '505 Summer Place UTT 1048C' → '505 Summer Pl' (lenient, accepted)
15:15:34.820 INFO    iga.epic_steps.inland_marine AI #1: EPIC dropped 'UTT 1048C' from streetLine — pushing to address2
15:15:34.820 DEBUG   iga.epic_steps.inland_marine AI #1: filling addr.line2 (#adePrimary-address2) = 'UTT 1048C'
15:15:35.515 DEBUG   iga.epic_steps.inland_marine kb_fill #adePrimary-address2 = 'UTT 1048C' OK
15:15:35.743 DEBUG   iga.epic_steps.inland_marine AI #1: addr.line2 verified OK
15:15:35.744 DEBUG   iga.epic_steps.inland_marine AI #1: filling addr.city (#adePrimary-city) = 'Knoxville'
15:15:36.469 DEBUG   iga.epic_steps.inland_marine kb_fill #adePrimary-city = 'Knoxville' OK
15:15:36.684 DEBUG   iga.epic_steps.inland_marine AI #1: addr.city verified OK
15:15:36.684 DEBUG   iga.epic_steps.inland_marine AI #1: filling addr.zip (#adePrimary-zipCode) = '37902'
15:15:37.234 DEBUG   iga.epic_steps.inland_marine kb_fill #adePrimary-zipCode = '37902' OK
15:15:37.448 DEBUG   iga.epic_steps.inland_marine AI #1: addr.zip verified OK
15:15:38.262 DEBUG   iga.epic_steps.property fill_combo state = 'TN'  matched row 10 (priority 3)
15:15:38.658 DEBUG   iga.secret_store api key resolved from keyring
15:15:41.000 INFO    iga.claude_client.abbrev Abbreviated 'The University of Tennessee is Additional Insured with Waiver of Subrogation.' (77) → 'UT AI w/Waiver of Subrogation' (29)
15:15:41.000 INFO    iga.epic_steps.inland_marine AI #1: reason abbreviated (77 → 29 chars): 'The University of Tennessee is Additional Insured with Waiver of Subrogation.' → 'UT AI w/Waiver of Subrogation'
15:15:41.000 DEBUG   iga.epic_steps.inland_marine AI #1: filling reason (#streReasonForInt) = 'UT AI w/Waiver of Subrogation'
15:15:42.285 DEBUG   iga.epic_steps.inland_marine kb_fill #streReasonForInt = 'UT AI w/Waiver of Subrogation' OK
15:15:42.502 DEBUG   iga.epic_steps.inland_marine AI #1: reason verified OK
15:15:42.818 DEBUG   iga.epic_steps.inland_marine AI #1: row complete
15:15:42.819 INFO    iga.epic_steps.inland_marine --- Row 2/5: name='Komatsu Financial' interest='Loss Payee' addr='8770 W Bryn Mawr Ave Ste 100, Chicago, IL 60631-3782'
15:15:42.823 DEBUG   iga.epic_steps.inland_marine AI #2: rows_before=1
15:15:44.030 DEBUG   iga.epic_steps.inland_marine AI #2: row appeared (count 1 → 2)
15:15:44.030 DEBUG   iga.epic_steps.inland_marine AI #2: filling name (#streName) = 'Komatsu Financial'
15:15:44.951 DEBUG   iga.epic_steps.inland_marine kb_fill #streName = 'Komatsu Financial' OK
15:15:45.171 DEBUG   iga.epic_steps.inland_marine AI #2: name verified OK
15:15:45.171 DEBUG   iga.epic_steps.inland_marine AI #2: filling item# (#inteItemNumber__textField) = '1'
15:15:45.563 DEBUG   iga.epic_steps.inland_marine kb_fill #inteItemNumber__textField = '1' OK
15:15:45.778 DEBUG   iga.epic_steps.inland_marine AI #2: item# verified OK
15:15:45.778 DEBUG   iga.epic_steps.business_auto AI interest 'Loss Payee' → alias → LP (Loss Payee)
15:15:46.592 DEBUG   iga.epic_steps.property fill_combo cboInterest = 'LP'  matched row 6 (priority 3)
15:15:46.974 DEBUG   iga.epic_steps.inland_marine AI #2: cboInterest = 'LP' (resolved from 'Loss Payee')
15:15:46.974 DEBUG   iga.epic_steps.inland_marine AI #2 address split: street='8770 W Bryn Mawr Ave Ste 100' city='Chicago' state='IL' zip='60631-3782'
15:15:51.399 DEBUG   iga.epic_steps.business_auto AI address: no suggestion rows appeared for street='8770 W Bryn Mawr Ave Ste 100'
15:15:51.399 INFO    iga.epic_steps.inland_marine AI #2: validated lookup returned no rows — manual address fill
15:15:51.399 DEBUG   iga.epic_steps.inland_marine AI #2: filling addr.street (#adePrimary-streetLine) = '8770 W Bryn Mawr Ave Ste 100'
15:15:52.719 DEBUG   iga.epic_steps.inland_marine kb_fill #adePrimary-streetLine = '8770 W Bryn Mawr Ave Ste 100' OK
15:15:52.938 INFO    iga.epic_steps.inland_marine AI #2: addr.street — EPIC normalized '8770 W Bryn Mawr Ave Ste 100' → '8770 W Bryn Mawr Ave' (lenient, accepted)
15:15:52.939 INFO    iga.epic_steps.inland_marine AI #2: EPIC dropped 'Ste 100' from streetLine — pushing to address2
15:15:52.939 DEBUG   iga.epic_steps.inland_marine AI #2: filling addr.line2 (#adePrimary-address2) = 'Ste 100'
15:15:53.589 DEBUG   iga.epic_steps.inland_marine kb_fill #adePrimary-address2 = 'Ste 100' OK
15:15:53.805 DEBUG   iga.epic_steps.inland_marine AI #2: addr.line2 verified OK
15:15:53.805 DEBUG   iga.epic_steps.inland_marine AI #2: filling addr.city (#adePrimary-city) = 'Chicago'
15:15:54.453 DEBUG   iga.epic_steps.inland_marine kb_fill #adePrimary-city = 'Chicago' OK
15:15:54.667 DEBUG   iga.epic_steps.inland_marine AI #2: addr.city verified OK
15:15:54.667 DEBUG   iga.epic_steps.inland_marine AI #2: filling addr.zip (#adePrimary-zipCode) = '60631-3782'
15:15:55.365 DEBUG   iga.epic_steps.inland_marine kb_fill #adePrimary-zipCode = '60631-3782' OK
15:15:55.584 DEBUG   iga.epic_steps.inland_marine AI #2: addr.zip verified OK
15:15:56.402 DEBUG   iga.epic_steps.property fill_combo state = 'IL'  matched row 14 (priority 3)
15:15:57.091 DEBUG   iga.epic_steps.inland_marine AI #2: row complete
15:15:57.091 INFO    iga.epic_steps.inland_marine --- Row 3/5: name='Komatsu Financial' interest='Loss Payee' addr='8770 W Bryn Mawr Ave Ste 100, Chicago, IL 60631-3782'
15:15:57.095 DEBUG   iga.epic_steps.inland_marine AI #3: rows_before=2
15:15:58.119 DEBUG   iga.epic_steps.inland_marine AI #3: row appeared (count 2 → 3)
15:15:58.119 DEBUG   iga.epic_steps.inland_marine AI #3: filling name (#streName) = 'Komatsu Financial'
15:15:59.020 DEBUG   iga.epic_steps.inland_marine kb_fill #streName = 'Komatsu Financial' OK
15:15:59.237 DEBUG   iga.epic_steps.inland_marine AI #3: name verified OK
15:15:59.237 DEBUG   iga.epic_steps.inland_marine AI #3: filling item# (#inteItemNumber__textField) = '2'
15:15:59.632 DEBUG   iga.epic_steps.inland_marine kb_fill #inteItemNumber__textField = '2' OK
15:15:59.850 DEBUG   iga.epic_steps.inland_marine AI #3: item# verified OK
15:15:59.850 DEBUG   iga.epic_steps.business_auto AI interest 'Loss Payee' → alias → LP (Loss Payee)
15:16:00.670 DEBUG   iga.epic_steps.property fill_combo cboInterest = 'LP'  matched row 6 (priority 3)
15:16:01.039 DEBUG   iga.epic_steps.inland_marine AI #3: cboInterest = 'LP' (resolved from 'Loss Payee')
15:16:01.039 DEBUG   iga.epic_steps.inland_marine AI #3 address split: street='8770 W Bryn Mawr Ave Ste 100' city='Chicago' state='IL' zip='60631-3782'
15:16:05.503 DEBUG   iga.epic_steps.business_auto AI address: no suggestion rows appeared for street='8770 W Bryn Mawr Ave Ste 100'
15:16:05.503 INFO    iga.epic_steps.inland_marine AI #3: validated lookup returned no rows — manual address fill
15:16:05.503 DEBUG   iga.epic_steps.inland_marine AI #3: filling addr.street (#adePrimary-streetLine) = '8770 W Bryn Mawr Ave Ste 100'
15:16:06.843 DEBUG   iga.epic_steps.inland_marine kb_fill #adePrimary-streetLine = '8770 W Bryn Mawr Ave Ste 100' OK
15:16:07.061 INFO    iga.epic_steps.inland_marine AI #3: addr.street — EPIC normalized '8770 W Bryn Mawr Ave Ste 100' → '8770 W Bryn Mawr Ave' (lenient, accepted)
15:16:07.062 INFO    iga.epic_steps.inland_marine AI #3: EPIC dropped 'Ste 100' from streetLine — pushing to address2
15:16:07.062 DEBUG   iga.epic_steps.inland_marine AI #3: filling addr.line2 (#adePrimary-address2) = 'Ste 100'
15:16:07.701 DEBUG   iga.epic_steps.inland_marine kb_fill #adePrimary-address2 = 'Ste 100' OK
15:16:07.917 DEBUG   iga.epic_steps.inland_marine AI #3: addr.line2 verified OK
15:16:07.917 DEBUG   iga.epic_steps.inland_marine AI #3: filling addr.city (#adePrimary-city) = 'Chicago'
15:16:08.608 DEBUG   iga.epic_steps.inland_marine kb_fill #adePrimary-city = 'Chicago' OK
15:16:08.822 DEBUG   iga.epic_steps.inland_marine AI #3: addr.city verified OK
15:16:08.823 DEBUG   iga.epic_steps.inland_marine AI #3: filling addr.zip (#adePrimary-zipCode) = '60631-3782'
15:16:09.524 DEBUG   iga.epic_steps.inland_marine kb_fill #adePrimary-zipCode = '60631-3782' OK
15:16:09.740 DEBUG   iga.epic_steps.inland_marine AI #3: addr.zip verified OK
15:16:10.551 DEBUG   iga.epic_steps.property fill_combo state = 'IL'  matched row 14 (priority 3)
15:16:11.229 DEBUG   iga.epic_steps.inland_marine AI #3: row complete
15:16:11.229 INFO    iga.epic_steps.inland_marine --- Row 4/5: name="Deere & Company It's Successors &/or Assigns" interest='Loss Payee' addr='6400 NW 86th Street, PO Box 6600, Johnston, IA 50131-6600'
15:16:11.233 DEBUG   iga.epic_steps.inland_marine AI #4: rows_before=3
15:16:12.281 DEBUG   iga.epic_steps.inland_marine AI #4: row appeared (count 3 → 4)
15:16:12.281 DEBUG   iga.epic_steps.inland_marine AI #4: filling name (#streName) = "Deere & Company It's Successors &/or Assigns"
15:16:14.049 DEBUG   iga.epic_steps.inland_marine kb_fill #streName = "Deere & Company It's Successors &/or Assigns" OK
15:16:14.268 DEBUG   iga.epic_steps.inland_marine AI #4: name verified OK
15:16:14.268 DEBUG   iga.epic_steps.inland_marine AI #4: filling item# (#inteItemNumber__textField) = '3'
15:16:14.657 DEBUG   iga.epic_steps.inland_marine kb_fill #inteItemNumber__textField = '3' OK
15:16:14.871 DEBUG   iga.epic_steps.inland_marine AI #4: item# verified OK
15:16:14.871 DEBUG   iga.epic_steps.business_auto AI interest 'Loss Payee' → alias → LP (Loss Payee)
15:16:15.677 DEBUG   iga.epic_steps.property fill_combo cboInterest = 'LP'  matched row 6 (priority 3)
15:16:16.048 DEBUG   iga.epic_steps.inland_marine AI #4: cboInterest = 'LP' (resolved from 'Loss Payee')
15:16:16.048 DEBUG   iga.epic_steps.inland_marine AI #4 address split: street='6400 NW 86th Street, PO Box 6600' city='Johnston' state='IA' zip='50131-6600'
15:16:20.588 DEBUG   iga.epic_steps.business_auto AI address: no suggestion rows appeared for street='6400 NW 86th Street, PO Box 6600'
15:16:20.588 INFO    iga.epic_steps.inland_marine AI #4: validated lookup returned no rows — manual address fill
15:16:20.589 DEBUG   iga.epic_steps.inland_marine AI #4: filling addr.street (#adePrimary-streetLine) = '6400 NW 86th Street, PO Box 6600'
15:16:22.019 DEBUG   iga.epic_steps.inland_marine kb_fill #adePrimary-streetLine = '6400 NW 86th Street, PO Box 6600' OK
15:16:22.240 INFO    iga.epic_steps.inland_marine AI #4: addr.street — EPIC normalized '6400 NW 86th Street, PO Box 6600' → '6400 NW 86th St' (lenient, accepted)
15:16:22.241 INFO    iga.epic_steps.inland_marine AI #4: EPIC dropped 'PO Box 6600' from streetLine — pushing to address2
15:16:22.241 DEBUG   iga.epic_steps.inland_marine AI #4: filling addr.line2 (#adePrimary-address2) = 'PO Box 6600'
15:16:22.969 DEBUG   iga.epic_steps.inland_marine kb_fill #adePrimary-address2 = 'PO Box 6600' OK
15:16:23.183 DEBUG   iga.epic_steps.inland_marine AI #4: addr.line2 verified OK
15:16:23.183 DEBUG   iga.epic_steps.inland_marine AI #4: filling addr.city (#adePrimary-city) = 'Johnston'
15:16:23.861 DEBUG   iga.epic_steps.inland_marine kb_fill #adePrimary-city = 'Johnston' OK
15:16:24.090 DEBUG   iga.epic_steps.inland_marine AI #4: addr.city verified OK
15:16:24.090 DEBUG   iga.epic_steps.inland_marine AI #4: filling addr.zip (#adePrimary-zipCode) = '50131-6600'
15:16:24.812 DEBUG   iga.epic_steps.inland_marine kb_fill #adePrimary-zipCode = '50131-6600' OK
15:16:25.029 DEBUG   iga.epic_steps.inland_marine AI #4: addr.zip verified OK
15:16:25.854 DEBUG   iga.epic_steps.property fill_combo state = 'IA'  matched row 4 (priority 3)
15:16:26.538 DEBUG   iga.epic_steps.inland_marine AI #4: row complete
15:16:26.538 INFO    iga.epic_steps.inland_marine --- Row 5/5: name="Deere & Company It's Successors &/or Assigns" interest='Loss Payee' addr='6400 NW 86th Street, PO Box 6600, Johnston, IA 50131-6600'
15:16:26.542 DEBUG   iga.epic_steps.inland_marine AI #5: rows_before=4
15:16:27.560 DEBUG   iga.epic_steps.inland_marine AI #5: row appeared (count 4 → 5)
15:16:27.560 DEBUG   iga.epic_steps.inland_marine AI #5: filling name (#streName) = "Deere & Company It's Successors &/or Assigns"
15:16:29.325 DEBUG   iga.epic_steps.inland_marine kb_fill #streName = "Deere & Company It's Successors &/or Assigns" OK
15:16:29.541 DEBUG   iga.epic_steps.inland_marine AI #5: name verified OK
15:16:29.541 DEBUG   iga.epic_steps.inland_marine AI #5: filling item# (#inteItemNumber__textField) = '4'
15:16:29.937 DEBUG   iga.epic_steps.inland_marine kb_fill #inteItemNumber__textField = '4' OK
15:16:30.153 DEBUG   iga.epic_steps.inland_marine AI #5: item# verified OK
15:16:30.153 DEBUG   iga.epic_steps.business_auto AI interest 'Loss Payee' → alias → LP (Loss Payee)
15:16:30.970 DEBUG   iga.epic_steps.property fill_combo cboInterest = 'LP'  matched row 6 (priority 3)
15:16:31.344 DEBUG   iga.epic_steps.inland_marine AI #5: cboInterest = 'LP' (resolved from 'Loss Payee')
15:16:31.344 DEBUG   iga.epic_steps.inland_marine AI #5 address split: street='6400 NW 86th Street, PO Box 6600' city='Johnston' state='IA' zip='50131-6600'
15:16:35.936 DEBUG   iga.epic_steps.business_auto AI address: no suggestion rows appeared for street='6400 NW 86th Street, PO Box 6600'
15:16:35.936 INFO    iga.epic_steps.inland_marine AI #5: validated lookup returned no rows — manual address fill
15:16:35.936 DEBUG   iga.epic_steps.inland_marine AI #5: filling addr.street (#adePrimary-streetLine) = '6400 NW 86th Street, PO Box 6600'
15:16:37.473 DEBUG   iga.epic_steps.inland_marine kb_fill #adePrimary-streetLine = '6400 NW 86th Street, PO Box 6600' OK
15:16:37.689 INFO    iga.epic_steps.inland_marine AI #5: addr.street — EPIC normalized '6400 NW 86th Street, PO Box 6600' → '6400 NW 86th St' (lenient, accepted)
15:16:37.690 INFO    iga.epic_steps.inland_marine AI #5: EPIC dropped 'PO Box 6600' from streetLine — pushing to address2
15:16:37.691 DEBUG   iga.epic_steps.inland_marine AI #5: filling addr.line2 (#adePrimary-address2) = 'PO Box 6600'
15:16:38.394 DEBUG   iga.epic_steps.inland_marine kb_fill #adePrimary-address2 = 'PO Box 6600' OK
15:16:38.609 DEBUG   iga.epic_steps.inland_marine AI #5: addr.line2 verified OK
15:16:38.610 DEBUG   iga.epic_steps.inland_marine AI #5: filling addr.city (#adePrimary-city) = 'Johnston'
15:16:39.291 DEBUG   iga.epic_steps.inland_marine kb_fill #adePrimary-city = 'Johnston' OK
15:16:39.507 DEBUG   iga.epic_steps.inland_marine AI #5: addr.city verified OK
15:16:39.507 DEBUG   iga.epic_steps.inland_marine AI #5: filling addr.zip (#adePrimary-zipCode) = '50131-6600'
15:16:40.201 DEBUG   iga.epic_steps.inland_marine kb_fill #adePrimary-zipCode = '50131-6600' OK
15:16:40.417 DEBUG   iga.epic_steps.inland_marine AI #5: addr.zip verified OK
15:16:41.244 DEBUG   iga.epic_steps.property fill_combo state = 'IA'  matched row 4 (priority 3)
15:16:41.926 DEBUG   iga.epic_steps.inland_marine AI #5: row complete
15:16:41.926 INFO    iga.epic_steps.inland_marine === Additional Interests: complete (5 row(s) processed) ===
15:16:41.926 INFO    iga.epic_steps.inland_marine === Step 5: Additional Coverages ===
15:16:43.214 DEBUG   iga.epic_steps.inland_marine Navigated to EquipmentFloater.AdditionalCoverage (CHM-EFADDCOV screen code present)
15:16:43.218 DEBUG   iga.epic_steps.inland_marine EquipmentFloater.AdditionalCoverage: vlvwAdditionalCoverages_add ready
15:16:43.218 INFO    iga.epic_steps.inland_marine === Additional Coverages: 11 item(s) ===
15:16:43.237 INFO    iga.epic_steps.inland_marine --- Row 1/11: code='N/A' desc='Builders Risk/Installation Floater' limit=$1736805 ded=$5000
15:16:43.263 DEBUG   iga.epic_steps.inland_marine AC #1: rows_before=0
15:16:45.467 DEBUG   iga.epic_steps.inland_marine AC #1: row appeared (count 0 → 1)
15:16:45.936 DEBUG   iga.epic_steps.inland_marine kb_fill #streCode = 'N/A' OK
15:16:47.401 DEBUG   iga.epic_steps.inland_marine kb_fill #streDescription = 'Builders Risk/Installation Floater' OK
15:16:48.025 DEBUG   iga.epic_steps.inland_marine kb_fill #streLimit__textField = '1736805' OK
15:16:48.523 DEBUG   iga.epic_steps.inland_marine kb_fill #streDeductible__textField = '5000' OK
15:16:48.837 DEBUG   iga.epic_steps.inland_marine AC #1: row complete
15:16:48.837 INFO    iga.epic_steps.inland_marine --- Row 2/11: code='N/A' desc='Data Compromise Response Expenses' limit=$50000 ded=$2500
15:16:48.842 DEBUG   iga.epic_steps.inland_marine AC #2: rows_before=1
15:16:50.029 DEBUG   iga.epic_steps.inland_marine AC #2: row appeared (count 1 → 2)
15:16:50.497 DEBUG   iga.epic_steps.inland_marine kb_fill #streCode = 'N/A' OK
15:16:52.110 DEBUG   iga.epic_steps.inland_marine kb_fill #streDescription = 'Data Compromise Response Expenses' OK
15:16:52.676 DEBUG   iga.epic_steps.inland_marine kb_fill #streLimit__textField = '50000' OK
15:16:53.150 DEBUG   iga.epic_steps.inland_marine kb_fill #streDeductible__textField = '2500' OK
15:16:53.463 DEBUG   iga.epic_steps.inland_marine AC #2: row complete
15:16:53.463 INFO    iga.epic_steps.inland_marine --- Row 3/11: code='N/A' desc='Computer Attack' limit=$50000 ded=$2500
15:16:53.467 DEBUG   iga.epic_steps.inland_marine AC #3: rows_before=2
15:16:54.499 DEBUG   iga.epic_steps.inland_marine AC #3: row appeared (count 2 → 3)
15:16:54.956 DEBUG   iga.epic_steps.inland_marine kb_fill #streCode = 'N/A' OK
15:16:55.867 DEBUG   iga.epic_steps.inland_marine kb_fill #streDescription = 'Computer Attack' OK
15:16:56.402 DEBUG   iga.epic_steps.inland_marine kb_fill #streLimit__textField = '50000' OK
15:16:56.904 DEBUG   iga.epic_steps.inland_marine kb_fill #streDeductible__textField = '2500' OK
15:16:57.206 DEBUG   iga.epic_steps.inland_marine AC #3: row complete
15:16:57.206 INFO    iga.epic_steps.inland_marine --- Row 4/11: code='N/A' desc='Cyber Extortion' limit=$10000 ded=$2500
15:16:57.210 DEBUG   iga.epic_steps.inland_marine AC #4: rows_before=3
15:16:58.300 DEBUG   iga.epic_steps.inland_marine AC #4: row appeared (count 3 → 4)
15:16:58.781 DEBUG   iga.epic_steps.inland_marine kb_fill #streCode = 'N/A' OK
15:16:59.693 DEBUG   iga.epic_steps.inland_marine kb_fill #streDescription = 'Cyber Extortion' OK
15:17:00.256 DEBUG   iga.epic_steps.inland_marine kb_fill #streLimit__textField = '10000' OK
15:17:00.779 DEBUG   iga.epic_steps.inland_marine kb_fill #streDeductible__textField = '2500' OK
15:17:01.091 DEBUG   iga.epic_steps.inland_marine AC #4: row complete
15:17:01.091 INFO    iga.epic_steps.inland_marine --- Row 5/11: code='N/A' desc='Data Compromise Defense and Liability' limit=$50000 ded=$2500
15:17:01.095 DEBUG   iga.epic_steps.inland_marine AC #5: rows_before=4
15:17:02.130 DEBUG   iga.epic_steps.inland_marine AC #5: row appeared (count 4 → 5)
15:17:02.613 DEBUG   iga.epic_steps.inland_marine kb_fill #streCode = 'N/A' OK
15:17:04.366 DEBUG   iga.epic_steps.inland_marine kb_fill #streDescription = 'Data Compromise Defense and Liability' OK
15:17:04.946 DEBUG   iga.epic_steps.inland_marine kb_fill #streLimit__textField = '50000' OK
15:17:05.446 DEBUG   iga.epic_steps.inland_marine kb_fill #streDeductible__textField = '2500' OK
15:17:05.762 DEBUG   iga.epic_steps.inland_marine AC #5: row complete
15:17:05.762 INFO    iga.epic_steps.inland_marine --- Row 6/11: code='N/A' desc='Network Security Defense and Liability' limit=$50000 ded=$2500
15:17:05.767 DEBUG   iga.epic_steps.inland_marine AC #6: rows_before=5
15:17:06.799 DEBUG   iga.epic_steps.inland_marine AC #6: row appeared (count 5 → 6)
15:17:07.287 DEBUG   iga.epic_steps.inland_marine kb_fill #streCode = 'N/A' OK
15:17:09.111 DEBUG   iga.epic_steps.inland_marine kb_fill #streDescription = 'Network Security Defense and Liability' OK
15:17:09.691 DEBUG   iga.epic_steps.inland_marine kb_fill #streLimit__textField = '50000' OK
15:17:10.221 DEBUG   iga.epic_steps.inland_marine kb_fill #streDeductible__textField = '2500' OK
15:17:10.530 DEBUG   iga.epic_steps.inland_marine AC #6: row complete
15:17:10.530 INFO    iga.epic_steps.inland_marine --- Row 7/11: code='N/A' desc='Electronic Media Defense and Liability' limit=$50000 ded=$2500
15:17:10.534 DEBUG   iga.epic_steps.inland_marine AC #7: rows_before=6
15:17:11.571 DEBUG   iga.epic_steps.inland_marine AC #7: row appeared (count 6 → 7)
15:17:12.062 DEBUG   iga.epic_steps.inland_marine kb_fill #streCode = 'N/A' OK
15:17:13.940 DEBUG   iga.epic_steps.inland_marine kb_fill #streDescription = 'Electronic Media Defense and Liability' OK
15:17:14.501 DEBUG   iga.epic_steps.inland_marine kb_fill #streLimit__textField = '50000' OK
15:17:15.018 DEBUG   iga.epic_steps.inland_marine kb_fill #streDeductible__textField = '2500' OK
15:17:15.333 DEBUG   iga.epic_steps.inland_marine AC #7: row complete
15:17:15.333 INFO    iga.epic_steps.inland_marine --- Row 8/11: code='N/A' desc='Identity Recovery' limit=$25000 ded=$0
15:17:15.337 DEBUG   iga.epic_steps.inland_marine AC #8: rows_before=7
15:17:16.372 DEBUG   iga.epic_steps.inland_marine AC #8: row appeared (count 7 → 8)
15:17:16.843 DEBUG   iga.epic_steps.inland_marine kb_fill #streCode = 'N/A' OK
15:17:17.883 DEBUG   iga.epic_steps.inland_marine kb_fill #streDescription = 'Identity Recovery' OK
15:17:18.448 DEBUG   iga.epic_steps.inland_marine kb_fill #streLimit__textField = '25000' OK
15:17:18.448 DEBUG   iga.epic_steps.inland_marine kb_fill #streDeductible__textField: skipped (blank)
15:17:18.756 DEBUG   iga.epic_steps.inland_marine AC #8: row complete
15:17:18.757 INFO    iga.epic_steps.inland_marine --- Row 9/11: code='N/A' desc='Installation Floater' limit=$500000 ded=$0
15:17:18.761 DEBUG   iga.epic_steps.inland_marine AC #9: rows_before=8
15:17:19.788 DEBUG   iga.epic_steps.inland_marine AC #9: row appeared (count 8 → 9)
15:17:20.259 DEBUG   iga.epic_steps.inland_marine kb_fill #streCode = 'N/A' OK
15:17:21.464 DEBUG   iga.epic_steps.inland_marine kb_fill #streDescription = 'Installation Floater' OK
15:17:22.092 DEBUG   iga.epic_steps.inland_marine kb_fill #streLimit__textField = '500000' OK
15:17:22.092 DEBUG   iga.epic_steps.inland_marine kb_fill #streDeductible__textField: skipped (blank)
15:17:22.404 DEBUG   iga.epic_steps.inland_marine AC #9: row complete
15:17:22.404 INFO    iga.epic_steps.inland_marine --- Row 10/11: code='N/A' desc='Borrowed, Leased, Rented, or Hired Equipment' limit=$300000 ded=$0
15:17:22.408 DEBUG   iga.epic_steps.inland_marine AC #10: rows_before=9
15:17:23.437 DEBUG   iga.epic_steps.inland_marine AC #10: row appeared (count 9 → 10)
15:17:23.938 DEBUG   iga.epic_steps.inland_marine kb_fill #streCode = 'N/A' OK
15:17:26.169 DEBUG   iga.epic_steps.inland_marine kb_fill #streDescription = 'Borrowed, Leased, Rented, or Hired Equipment' OK
15:17:26.795 DEBUG   iga.epic_steps.inland_marine kb_fill #streLimit__textField = '300000' OK
15:17:26.795 DEBUG   iga.epic_steps.inland_marine kb_fill #streDeductible__textField: skipped (blank)
15:17:27.111 DEBUG   iga.epic_steps.inland_marine AC #10: row complete
15:17:27.111 INFO    iga.epic_steps.inland_marine --- Row 11/11: code='N/A' desc='Rental Reimbursement' limit=$100000 ded=$0
15:17:27.115 DEBUG   iga.epic_steps.inland_marine AC #11: rows_before=10
15:17:28.151 DEBUG   iga.epic_steps.inland_marine AC #11: row appeared (count 10 → 11)
15:17:28.635 DEBUG   iga.epic_steps.inland_marine kb_fill #streCode = 'N/A' OK
15:17:29.799 DEBUG   iga.epic_steps.inland_marine kb_fill #streDescription = 'Rental Reimbursement' OK
15:17:30.424 DEBUG   iga.epic_steps.inland_marine kb_fill #streLimit__textField = '100000' OK
15:17:30.425 DEBUG   iga.epic_steps.inland_marine kb_fill #streDeductible__textField: skipped (blank)
15:17:30.739 DEBUG   iga.epic_steps.inland_marine AC #11: row complete
15:17:30.740 INFO    iga.epic_steps.inland_marine === Additional Coverages: complete (11 row(s) processed) ===
15:17:30.740 INFO    iga.epic_steps.inland_marine === Step 6: Forms & Endorsements ===
15:17:46.973 ERROR   iga.epic_steps.inland_marine EquipmentFloater.FormEndorsement: CHM-EFFRMEND did not appear within 15 s — section did not mount, refusing to proceed
15:17:46.973 INFO    iga.epic_steps.inland_marine === Inland Marine entry step complete ===
